User,Ticker,Text,Timestamp,Upvotes,Ratio,Subreddit
No_Cow1,FISV,Fiserv Inc. ($FISV) reports impressive Q1 results and raises financial guidance.,2023-04-26 06:20:14,5,1.0,stocks
inm808,GOOG,To all the GOOG haters / gen AI maximalists,2023-04-26 04:03:48,18,0.74,stocks
CR7_Better_Than_LM10,SPLK,Thoughts on Splunk (SPLK) stock?,2023-04-25 13:02:52,6,0.68,stocks
provoko,FOXA,FOXA dipped nearly 6% on news that Tucker Carlson has been axed. How much money does this stock possibly make due to 1 talking head? Revenue is 14.29B TTM!,2023-04-24 17:15:48,927,0.87,stocks
Possible_Ad5461,BIGC,"Mizuho Markets America LLC trims its stake in BigCommerce Holdings, Inc. ($BIGC) amidst mixed reviews.",2023-04-24 09:55:26,6,0.75,stocks
DrPlatelet,BBBY,Bed Bath & Beyond $BBBY files for bankruptcy,2023-04-23 11:58:55,5034,0.94,stocks
creemeeseason,USLM,US Lime (USLM). An unfollowed name with market beating returns.,2023-04-23 08:21:28,23,0.87,stocks
JS070682,CAC,Why are European indices so high? (FTSE / CAC / DAX),2023-04-22 05:26:38,44,0.86,stocks
ItalianStallion9069,PTLO,PTLO recently compared to the powerhouse CMG. Worth looking into and watching? I’m personally a big fan!,2023-04-22 04:29:13,4,0.64,stocks
repari17,OIG,Why did OIG shoot up 3000 percent in value? What changed?,2023-04-21 16:35:55,18,0.79,stocks
creemeeseason,HIFS,"HIFS, a great bank with short term headwinds",2023-04-19 18:34:11,3,0.62,stocks
neenpaques,ASML,ASML results are out,2023-04-19 05:57:32,50,0.85,stocks
Smile0069,MARA,"Marathon stock price prediction: MARA ($MARA) rises, is $20 next?",2023-04-18 10:07:26,0,0.38,stocks
Fauster,MRNA,MRNA falls despite promising results from vaccine trials,2023-04-18 01:10:05,3,0.62,stocks
caollero,QQQ,Opinion about P/E ratios S&P 500 and QQQ and investing right now.,2023-04-16 09:04:47,15,0.73,stocks
Vivid_Impression2508,AAPL,Apple ($AAPL) prints a bearish pattern ahead of big tech earnings week: What are the chances the stock closes April green?,2023-04-26 10:20:26,0,0.4,stockmarket
Possible_Ad5461,TSLA,Tesla ($TSLA) stock and six other tech titans are responsible for 86% of the S&P 500 2023 performance.,2023-04-26 06:14:46,0,0.5,stockmarket
EngineeredStocks,QQQ,QQQ doesnt paint the full picture for the Nasdaq 100,2023-04-26 00:48:38,0,0.5,stockmarket
Financial_Owl_7245,BBBY,"Earnings wave, Credit Suisse ($CSGN) outflows, Bed Bath & Beyond ($BBBY) bankruptcy—what's moving markets?",2023-04-25 09:35:25,1,0.67,stockmarket
J-444,TPIC,TPIC stock,2023-04-24 17:28:12,0,0.5,stockmarket
Possible_Ad5461,MSFT,"Microsoft ($MSFT), Meta ($META), and Google ($GOOGL) lead earnings waves.",2023-04-24 10:49:07,11,0.87,stockmarket
Financial_Owl_7245,FISV,Fiserv ($FISV) reports strong Q4 earnings and heightened investor confidence in a growing market segment.,2023-04-22 09:42:01,2,0.75,stockmarket
Oli_01,BBBY,"Bed Bath & Beyond ($BBBY) mulls asset sale, Sixth Street bankruptcy loan",2023-04-22 06:47:49,9,0.65,stockmarket
Possible_Ad5461,TSLA,Tesla ($TSLA) California market share tumbles despite aggressive price cuts.,2023-04-22 06:05:54,48,0.8,stockmarket
UnixxinU,VC,"‘Utterly irresponsible’: SVB failure was caused by a banking — not tech — crisis, top VC says",2023-04-21 16:34:04,40,0.93,stockmarket
Possible_Ad5461,AMZN,$AMZN vs. $SHOP: Which e-commerce stock is better?,2023-04-21 09:54:05,10,0.82,stockmarket
Different-Shake8462,BBBY,Bed Bath & Beyond ($BBBY) drops following reports company is preparing for bankruptcy,2023-04-21 05:14:31,346,0.89,stockmarket
Financial-Stick-8500,LYFT,$LYFT agreed to pay $25 million to shareholders to avoid further litigation on misleading statements.,2023-04-20 18:14:51,238,0.97,stockmarket
Financial_Owl_7245,BIDU,China’s GDP beat expectations. Alibaba ($BABA) and Baidu ($BIDU) are rising.,2023-04-20 10:18:22,0,0.3,stockmarket
Possible_Ad5461,AAPL,Multiple reasons to invest in and hold Apple ($AAPL),2023-04-20 08:54:43,0,0.36,stockmarket
,BBBY,"As for me, I like the stock $BBBY",2023-04-19 16:55:24,0,0.26,stockmarket
TheSpectacularOracle,CYN,A thorough assessment for Cyngn Inc. (CYN),2023-04-18 19:12:41,0,0.5,stockmarket
intwiningbluishs75,PXMD,"Understanding PaxMedica, Inc. (PXMD): A Deep Dive",2023-04-18 16:28:31,0,0.4,stockmarket
ProcedureFun410,TSLA,Time to buy Tesla ($TSLA) stock before Q1 earnings?,2023-04-18 10:29:41,73,0.71,stockmarket
Gofighting777,GOOGL,"Google Stock - Is It Time to Buy the Dip? ($GOOGL, $GOOG)",2023-04-17 15:03:41,20,0.81,stockmarket
Suspicious_Umpire789,AAPL,"Stocks making the biggest moves midday: Apple ($AAPL), Tesla ($TSLA), Netflix ($NFLX), Bed Bath & Beyond ($BBBY) & more",2023-04-14 11:34:06,0,0.43,stockmarket
My-Internet-Persona,MSFT,Where to find the guidance for MSFT and GOOG?,2023-04-26 06:14:49,1,0.57,investing
BowTiePenguin007,DAX,Why do DAX ETFs lag behind by so much?,2023-04-25 05:56:09,5,0.65,investing
SilasX,CD,Broker estimates my CD (2 mo. to maturity) as being surprisingly low value ... so where do I buy more of these?,2023-04-23 20:48:53,0,0.42,investing
jojogever,AMZN,dont know what to do with my position in AMZN,2023-04-22 15:26:19,0,0.47,investing
PragmaticX,ANY,SCHD - ANY VIABLE ALTERNATIVES?,2023-04-16 16:15:00,0,0.41,investing
Aegidius25,REIT,Blackstone REIT limits investor redemptions again in March,2023-04-05 16:57:00,446,0.95,finance
fairly_low,IBKR,"IBKR API how to buy certificates (factor, option, knock out)?",2023-04-10 22:43:54,19,0.86,algotrading
InYumen6,EA,Feedback on my most profitable EA so far,2023-04-10 01:20:28,78,0.87,algotrading
TheGr8tBoi,NN,Does anyone have suggestions/Insights around the use of DL/NN?,2023-03-28 20:51:12,1,0.56,algotrading
DaddyDersch,MSFT,"The next leg down has begun… 4-25-23 SPY/ ES Futures, and VIX Daily Market Analysis (MSFT and Goog Earnings bonus)",2023-04-25 20:54:34,3,0.67,daytrading
ShittyStockPicker,TA,"TA in Advance, not After the Fact for /u/BigPoopEater",2023-04-25 06:00:00,0,0.33,daytrading
BigPoopEater,TA,Its easy to do TA on market movement that already happened,2023-04-25 00:02:44,72,0.93,daytrading
mtgdrummer13,TQQQ,Confusion about price movement on TQQQ options,2023-04-24 18:52:03,2,0.67,daytrading
Dry_Sky_4593,EA,How to make trading EA,2023-04-22 15:41:04,0,0.25,daytrading
supertexter,WISH,The importance of relative volume and waiting for backside - WISH 22% gap as an example,2023-04-22 09:57:33,12,0.8,daytrading
jchaim99,NVDA,NVDA forming a bearish Harami / Harami Cross?,2023-04-20 17:10:07,3,0.62,daytrading
mikey852,QQQ,Short puts on QQQ and SPY with expiration prior to MSFT earnings release.,2023-04-26 04:26:40,1,0.56,options
Alex_Trenholm,PACW,PACW options insight,2023-04-26 02:16:53,17,0.75,options
PapaCharlie9,BBBY,BBBY Trade Tape Monday -- why so many calls?,2023-04-24 17:17:57,260,0.91,options
NY10,TSLA,Anyone playing TSLA option?,2023-04-24 15:30:30,37,0.78,options
Winnipork,BBBY,Serious Question: fate of $BBBY Calls and Puts,2023-04-24 06:38:17,1,0.67,options
Isunova,ATVI,$ATVI $92 calls for 28 Apr,2023-04-22 18:58:45,19,0.8,options
CreazioneAdamo,SBUX,Starbucks weekly put - $SBUX,2023-04-22 00:19:26,9,0.74,options
2xJonny,AAPL,Puts down -20% but $AAPL down ~1%,2023-04-21 21:43:05,3,0.54,options
kylestoned,EBAY,Interesting $EBAY Earnings Options Action,2023-04-21 21:18:25,4,0.7,options
LukyLukyLu,IBKR,IBKR profit table lying,2023-04-21 20:07:07,0,0.38,options
Jshbone12,BBBY,Buying puts into BBBY bankruptcy?,2023-04-20 06:47:23,0,0.31,options
kylestoned,CROX,$1.3 Million Dollar $CROX Earnings Bull Call Spread,2023-04-20 01:52:55,157,0.92,options
This-Ad-342,IBKR,IBKR application rejected UAE,2023-04-19 16:39:21,1,0.56,options
FourBlades,CFO,Did this CFO make a crazy bad option trade?,2023-04-17 07:11:10,204,0.93,options
SpareDifficulty8594,META,META calls 225 exp April 21,2023-04-17 02:20:42,18,0.73,options
dlinhat70,TQQQ,TQQQ and SQQQ square,2023-04-15 13:51:12,9,0.74,options
Jshbone12,ATVI,Long dated options after acquisitions do not expire worthless. ATVI covered calls are risky,2023-04-15 10:06:18,0,0.43,options
FlyHomeSpaceMan,ATVI,ATVI Options,2023-04-14 00:56:44,107,0.89,options
manishmehta71,JD,Trade long term probabilities on JD,2023-04-14 00:55:00,0,0.33,options
Possible-Magazine23,TLT,"Buying LEAP on $TLT - An ""obvious good idea"" at this point??",2023-04-09 05:07:58,43,0.8,options
Anon58715,NVDA,NVDA Long Puts $100P@Jan2025: Buy now or wait?,2023-04-08 02:14:37,90,0.85,options
butisitherthang,NEO,US Blue Chips Listed on NEO.,2023-04-25 15:55:08,0,0.5,canadianinvestor
FirmEstablishment941,CASH,PSAV/CASH.TO risk factors,2023-04-24 16:28:43,0,0.24,canadianinvestor
lasagnaboii,REIT,Granite REIT (GRT.UN) Dividend Non-Res Withholding Tax,2023-04-20 03:47:32,4,0.67,canadianinvestor
daniel878,CASH,"Understanding Cash ETFs (HSAV, CASH.TO, etc.)",2023-04-14 16:18:31,94,0.91,canadianinvestor
GrosJambon1,CAN,Best TSFA strategy for dual citizens US / CAN,2023-04-12 19:46:36,0,0.44,canadianinvestor
illusiveconsistence,CD,"Why choose S&P 500 for only additional 2% gain per year over a CD/GIC, but will all the risk?",2023-03-31 12:11:48,0,0.37,canadianinvestor
LunarCanis2021,CD,"VMFXX vs CD's, why even do it?",2023-04-26 14:10:44,1,1.0,bogleheads
RealFire7,VXUS,VT or VTI and VXUS or VTI and something else ex-US,2023-04-26 09:49:33,1,0.55,bogleheads
Repulsive-Coat-9119,CD,No Penalty CD,2023-04-24 18:28:32,80,0.9,bogleheads
Downtown_Highlight69,VXUS,75% VOO and 25% VXUS: planning to DCA $700 into them every week for the next 15 to 20 yrs,2023-04-23 06:33:51,131,0.88,bogleheads
Resident_Pair9034,FA,Firing my FA (1.5%) after 22 yrs. But how do I undo what he's done with my portfolio.,2023-04-22 03:18:43,172,0.93,bogleheads
kamihax0r,FA,Transition from FA to 3-fund portfolio,2023-04-21 20:10:14,4,0.83,bogleheads
Dennis_altplus,VC,"Thoughts around retail alternative asset investing (PE, art, wine, farmland, VC, etc. etc.)? Why is this space not taking off?",2023-03-28 11:48:47,14,0.82,ukinvesting
GusSup,FUND,What documents are legally required for a FUND in the UK,2022-11-17 23:26:20,5,0.69,ukinvesting
Desperate_Lab_4947,AZN,Whats the difference between AstraZeneca 0A4J and AZN,2022-09-18 10:58:25,7,0.9,ukinvesting
zooka19,REIT,Investing in REIT ETF (IUKP),2022-08-17 15:23:38,24,0.92,ukinvesting
dountsyndrome,MSFT,"Are there ETFs with MSFT, AMZN and META but not GOOGL?",2023-04-25 20:45:38,0,0.35,etfs
okanfurkan123,VSDA,VSDA,2023-04-24 07:32:41,1,0.67,etfs
JMoney2371,QQQ,QQQ & QQQM,2023-04-24 03:30:25,3,0.72,etfs
kb-kb-kb,VXUS,15k VTI & VOO + 10k VXUS & VGT,2023-04-11 11:25:38,0,0.42,etfs
leithal70,ICLN,All in on ICLN.. did I make a mistake?,2023-04-05 21:12:40,0,0.5,etfs
kwtaylor83,IBKR,Moving from Trading212 to IBKR,2023-04-05 09:51:13,0,0.5,etfs
monkeydiver,EM,"S&P 500, EM and DM VS ACWI - VS Vanguard 80/20 - looking for advice",2023-04-04 18:51:37,3,0.8,etfs
C4Destrukt,QQQ,Opinion (QQQ): Do we revert to the mean of 1999 or 2009?,2023-04-01 20:11:59,1,0.56,etfs
Harinezumisan,DRS,DRS ETF stocks.,2023-04-01 20:01:32,0,0.4,etfs
Havaneseday2,QQC,ZNQ vs QQC.F,2023-04-01 18:24:11,1,0.67,etfs
Nacrazy13,TQQQ,"thoughts of a profile of SPY, VTI, VUG, TQQQ. split evenly 4 ways?",2023-03-31 20:29:15,1,0.54,etfs
DRAlsadi0010,VS,VGT VS semiconductors etfs,2023-03-30 01:42:12,1,0.55,etfs
noletovictor,QQQ,VOO or QQQ(m) to pair SCHD,2023-03-29 12:37:45,14,0.82,etfs
jason_ronaldo,ANY,"hey everyone,wanna know how to start making money from 0$.I want legit tips and no scammers pls.ANY TIPS?",2023-04-11 08:53:19,4,1.0,money
ITSsUNSHINEHansen,UAE,"The Central Bank of the UAE has issued a new #banknote of Dh1,000 denomination for circulation in the market. The new banknote will be available at banks and exchange houses starting from April 10, 2023",2023-04-07 13:02:54,22,1.0,money
Green_Wrap8531,OPRA,OPRA Update,2023-01-19 04:08:56,7,0.74,investmentclub
Green_Wrap8531,OPRA,Update on $OPRA,2022-11-19 03:03:26,7,0.99,investmentclub
ses92,PID,Are UK PID withholding taxes on dividends from REITs accounted for in the yield?,2022-10-30 13:05:40,4,0.83,investmentclub
Zurevu,TIL,TIL about 4% of all stocks generated all $34.8 trillion in wealth for shareholders between July 1926 and December 2016. 96% of all stocks collectively performed no better than 1- month treasury bonds.,2022-09-23 22:50:40,41,0.93,investmentclub
darkjunj1,ACT,"""ACT NOW BEFORE 2023! Listen please.."" Robert Kiyosaki's Final WARNING",2022-09-23 10:26:00,0,0.38,investmentclub
fundamentals4long,MU,"Micron Technology (MU), small dividend yield, Monhish Pabrai's thesis (business thesis)",2022-07-02 08:33:04,7,1.0,investmentclub
WaffleDood,IBKR,IBKR Commission Fees for S&P ETFs,2023-04-26 14:32:06,1,1.0,singaporefi
Evil_Mochi,IBKR,Silly question: IBKR after depositing money,2023-04-24 06:07:26,2,0.75,singaporefi
No-Butterscotch-5599,AIA,AIA Max VitalHealth B + Rider,2023-04-23 09:14:29,1,0.67,singaporefi
RunningOftimeout,IBKR,Has anyone here traded UVXY ETF using IBKR?,2023-04-19 18:33:27,1,1.0,singaporefi
AmbientFX,IBKR,IBKR Account Opening using MyInfo - Error 400,2023-04-18 16:58:58,2,1.0,singaporefi
Lostwhispers05,IBKR,"How liquid is my VWRA/CSPX portfolio on IBKR, really?",2023-04-18 10:38:33,31,0.92,singaporefi
calphak,FORM,TD Ameritrade FORM 1042-S,2023-04-18 09:02:48,7,0.89,singaporefi
XMJFTW,VS,SPDR VS CSPX,2023-04-18 00:11:37,5,0.86,singaporefi
Even-Spot-6432,IBKR,Buy USD now n invest via IBKR?,2023-04-16 09:56:36,9,0.91,singaporefi
dannylin525,IBKR,Buying SG stocks on IBKR,2023-04-16 07:01:41,7,0.73,singaporefi
Immediate_Gazelle685,III,PRUActive Saver III + UOB Savings Account,2023-04-15 05:36:59,0,0.2,singaporefi
Wilexande,IBKR,Breakeven transaction size for IBKR fees,2023-04-13 12:59:09,12,0.77,singaporefi
rememberkaizen,IBKR,"First-time IBKR user newbie here - Just tested a trade for VWRA @ 104, however the Average price turned out to be 108. I'm so confused about where this 4USD came from, can someone help me out here? Thank you!",2023-04-13 08:27:01,17,0.82,singaporefi
XMJFTW,SSB,Dividends vs SSB?,2023-04-10 15:10:30,7,1.0,singaporefi
XMJFTW,IBKR,IBKR Fees at 18,2023-04-09 14:05:44,1,0.56,singaporefi
hotpotato86,IBKR,Help for First time deposit of funds into IBKR via ocbc,2023-04-09 01:59:49,3,0.61,singaporefi
throwRA_1te,IBKR,IBKR PTPs: Schedule K-1s,2023-04-09 00:53:54,5,1.0,singaporefi
guardingcat,SSB,"SSB rates are going down, current April issue might probably be the last to hit ≥3%",2023-04-06 12:09:33,4,0.67,singaporefi
destinyworks,IBKR,Buying Gold/ Silver on IBKR,2023-04-05 15:28:39,9,1.0,singaporefi
ZaetiaPryce,IBKR,IBKR SGX: DBS comission fees,2023-04-05 01:23:48,4,0.62,singaporefi
Guy_PCS,TECH,TECH DRIVERS How to apply for your share of Facebook’s $725 million settlement in privacy suit,2023-04-19 20:57:37,2,1.0,fluentinfinance
BREADish22,FCA,FCA flooded with whistleblower reports amid money-laundering crackdown (Oh boy ...),2023-04-17 11:07:06,1,1.0,fluentinfinance
WannoHacker,UAE,Uber-owned Careem launches spinout with $400 million investment from UAE tech holding company e&,2023-04-10 08:53:31,3,1.0,fluentinfinance
WannoHacker,CFO,WANdisco CEO and CFO quit as investigation finds $115m of false sales,2023-04-03 15:15:32,2,0.75,fluentinfinance
TonyLiberty,AAPL,"Apple $AAPL has launched Apple Pay Later (a buy now, pay later service):",2023-03-29 16:58:18,1,0.6,fluentinfinance
s2upid,MVIS,"MVIS Short Interest Update 04/14/2023 - 46,312,719 (+1,7M shares)",2023-04-26 12:39:32,31,0.95,mvis
s2upid,VR,Apple Will Take Scattershot Approach to Pitching AR/VR Headset,2023-04-23 18:41:11,24,0.96,mvis
sigpowr,MVIS,Sig Report from MVIS Retail Investor Day,2023-04-23 03:20:26,291,0.99,mvis
KeepShoutingSir,MVIS,Humane (ex-Apple founders) demo wearable AI with interactive pico projector. MVIS inside?,2023-04-21 23:01:04,43,0.92,mvis
view-from-afar,MVIS,A Brief Perspective on Effect of Share Authorization on MVIS Share Price,2023-04-20 17:19:56,82,0.97,mvis
theoz_97,VR,9 reasons why you might actually want to buy the Apple AR/VR headset,2023-04-19 20:39:11,25,0.96,mvis
rpm65,MVIS,MVIS 8 K/A Filing,2023-04-18 21:31:54,66,0.97,mvis
imafixwoofs,MVIS,MicroVision (NASDAQ:MVIS) Is In A Good Position To Deliver On Growth Plans,2023-04-13 16:38:40,87,0.97,mvis
s2upid,MVIS,"$MVIS Short Interest At 44,546,347 (03/31/2023) +2,852,097",2023-04-12 23:58:59,99,1.0,mvis
computerguyqc,FORM,SEC FORM 4,2023-04-12 00:47:54,49,0.96,mvis
snowboardnirvana,VR,Apple Analyst Ming-Chi Kuo continues his negative View of the VR Market and the Prospects of Apple's upcoming XR Headset,2023-04-06 18:05:29,18,1.0,mvis
s2upid,MVIS,"Emerging Growth Conference - MVIS Presentation VOD. April 5, 2023.",2023-04-05 19:12:16,102,0.98,mvis
theoz_97,HAS,WORMUTH: ARMY HAS ‘A LOT OF WORK AHEAD’,2023-03-29 19:54:33,22,0.92,mvis
theclevelander,CFO,Luminar CFO defends lidar maker's pricing and revenue in the wake of a Goldman downgrade,2023-03-24 16:24:58,61,0.98,mvis
RGB-128128128,CD,"14 month CD @ 4.5% return, Any good or would a HYSA be preferred?",2023-04-25 10:31:21,4,1.0,investingforbeginners
AXsystemnewversion,NAAS,"China's first battery charging stock NAAS Technology Inc.(NASDAQ: NAAS), digging a trillion-dollar market",2023-04-21 12:52:02,2,1.0,investingforbeginners
AXsystemnewversion,NAAS,"The whole chain of new energy creates wealth Dai Zhen, the founder and CEO of NAAS, and the chairman of NAAS Intelligent Electric, ranks among the Hurun Rich List",2023-04-12 13:50:40,1,1.0,investingforbeginners
LouDogg00,QQQM,QQQM vs QQQ Comparison,2023-03-15 18:49:09,4,0.83,investingforbeginners
Front_Bell_7616,PRE,Prenetics (PRE.US) released its 2022 financial report: fully transforming the precision tumor medical business and adjusting its organizational structure,2023-03-15 13:28:11,1,1.0,investingforbeginners
Battlecrashers12,CD,How do people feel about xyld? Should I focus on brokerage CD's?,2023-03-14 03:03:48,2,1.0,investingforbeginners
superrich123456789,TLT,which broker offers TLT and EDV,2023-04-25 23:07:54,1,1.0,befire
Tanckx,IBKR,Create IBKR account as a Lynx user,2023-04-23 10:49:39,5,1.0,befire
T-r-X,IBKR,IBKR - Belgian IBAN number?,2023-04-20 21:24:20,1,0.6,befire
cqx22,IBKR,"IBKR pays 4.33% on your dollars, but Belgium taxes you 30%. Are you also taxed, if you buy ETF iShares Treasury Bond 0-1 yr IB01 accumulating?",2023-04-18 17:15:50,2,1.0,befire
LibrarianMinute93,REIT,Vastgoedfondsen B-REIT,2023-04-13 07:57:20,2,1.0,befire
Marketspike,ATAI,"Special Situations for Thursday: $DSS, $ATAI, $MIGI, $BIOL",2023-04-20 12:33:42,4,1.0,robinhoodtrade
Marketspike,SDIG,"Bitcoin Miners with $BTC breakout- $SDIG, $MIGI, WULF, $CIFR, $CLSK, $MARA, $RIOT",2023-04-14 12:57:13,1,1.0,robinhoodtrade
Marketspike,MIGI,Mawson Infrastructure Group ($MIGI) increases megawatt capacity and Bitcoin production,2023-04-12 12:26:15,1,1.0,robinhoodtrade
GroundbreakingLynx14,ACB,Aurora Cannabis [ACB] Reaches StockLaunchers' Target Price $0.73 to $0.75 Per Share,2023-03-10 18:44:40,3,1.0,robinhoodtrade
GroundbreakingLynx14,TSLA,Sell Short Tesla [TSLA] Target $10-$20 Per Share,2023-03-10 13:21:12,2,1.0,robinhoodtrade
GroundbreakingLynx14,TSLA,Tesla [TSLA] Head & Shoulders Top - Share Could Drop Another $200 Per Share... Bankruptcy?,2023-02-21 17:44:00,0,0.5,robinhoodtrade
SituationLive4406,UGRO,"Record Backlog of $87M Heading into Q4, Ongoing Stock Repurchase Program UGRO",2023-01-18 09:26:00,1,1.0,robinhoodtrade
Marketspike,MIGI,"$BITC Miners are Up in Pre-Market--$MIGI, $MARA, $RIOT, $HUT",2023-01-17 14:22:46,0,0.5,robinhoodtrade
Marketspike,OLB,$OLB stock DD (NFA),2023-01-15 15:47:47,3,0.8,robinhoodtrade
Marketspike,VVOS,"Biotechs Moving in the Pre-Market: $VVOS, $CUBT, $ORTX, $VYNT, $VYNE",2023-01-05 13:33:15,3,0.81,robinhoodtrade
Marketspike,CYN,"Stocks entering the New Year --Just above their 52 week lows. $CYN, $OLB, $CLSK, $MIGI, $IPSC",2023-01-03 21:26:56,2,1.0,robinhoodtrade
PeterSeaGroup,VPN,Robin Hood account locked because log in with a VPN,2022-12-27 13:28:42,1,1.0,robinhoodtrade
GroundbreakingLynx14,RIVN,Rivian Automotive [RIVN] Hits New All-Time Low,2022-12-23 22:38:30,3,1.0,robinhoodtrade
GroundbreakingLynx14,ACB,Aurora Cannabis [NASDAQ:ACB] Hits New All-Time Lows... Is This the Bottom?,2022-12-19 17:50:55,2,1.0,robinhoodtrade
Marketspike,JUPW,Jupiter Wellness (NASDAQ: JUPW) --- Chart looks ready for another move after basing at $0.80,2022-09-13 17:34:23,0,0.4,robinhoodtrade
GroundbreakingLynx14,TSLA,TESLA (TSLA) Stock Enters the DEATH CROSS!,2022-05-26 13:46:46,3,0.67,robinhoodtrade
GroundbreakingLynx14,ACB,$ACB Earnings Report Tomorrow... BE BOLD! BUY & HOLD!,2022-05-11 17:17:24,1,1.0,robinhoodtrade
GroundbreakingLynx14,HOUR,"24-HOUR POLL: Will Aurora Cannabis ($ACB) ""Meet, Beat, or Miss"" projected Q3 earnings tomorrow after market closes?",2022-05-11 13:22:04,0,0.5,robinhoodtrade
GroundbreakingLynx14,TLRY,TILRAY ($TLRY) HITS BARCLAY'S TARGET PRICE OF $4.50!... IS THIS THE BOTTOM?,2022-05-09 14:13:26,2,0.76,robinhoodtrade
GroundbreakingLynx14,ACB,"Shrimps, anchovies and herrings are Selling $ACB... WHALES are having a feast!... BUY & HOLD!",2022-05-04 18:54:39,1,0.6,robinhoodtrade
GroundbreakingLynx14,ACB,"$ACB Developing H&S Bottom as Senate Gets SAFE ""Cannabis"" Banking Back in the Works!",2022-05-04 11:33:51,1,1.0,robinhoodtrade
GroundbreakingLynx14,ACB,$ACB Key Reversal Day After Hitting 6-Year Low,2022-04-29 12:03:44,2,0.75,robinhoodtrade
GroundbreakingLynx14,ACB,Bears and short selling vampire vultures have become absolute PIGS! They've oversold $ACB into a corner and have found no way out! It's time for $ACB BULLS to get revenge on these conniving sniveling snakes! Buy $ACB NOW!... BUY!... BUY!... BUY!... and DON'T LOOK BACK!!!,2022-04-28 10:58:36,0,0.5,robinhoodtrade
GroundbreakingLynx14,ACB,$ACB Prepares to Open Above 11-Day Downtrend!,2022-04-14 12:49:21,1,1.0,robinhoodtrade
bpra93,HOOD,"$HOOD Update- Robinhood Financial officially rolled out its cryptocurrency wallet on Thursday, giving access to more than 2 million customers that were on a waiting list for the digital product. Plus Integration of lightning network!",2022-04-08 01:11:28,0,0.46,robinhoodtrade
ManiacXaq,RVLP,BULLISH: Upneeq - RVL Pharmaceuticals (RVLP),2022-04-01 06:33:03,4,0.75,robinhoodtrade
DangerStranger138,HOOD,The next time $HOOD gets in trouble,2022-02-13 02:10:46,4,0.7,robinhoodtrade
BnBAssociateschd,CFO,"""The Bird Is Freed"": Elon Musk Closes $44bn Twitter Takeover Deal, Fired And Escorted Out Top Executives Including CEO Parag Agrawal, CFO, Legal Head",2022-10-28 12:27:38,5,1.0,businesshub
StockConsultant,RIOT,$RIOT Platforms stock,2023-04-26 13:36:58,1,1.0,investmenteducation
Intrepid-Door-1535,MF,"Just a query - If i invest all my businesses money into Stocks and Mutual Fund, wouldn’t it be great to save income tax, as MF & Stocks are only taxed on gains and @10% only !",2023-04-25 15:01:45,2,1.0,investmenteducation
ChitChatCherry,OP,Optimism OP - The Market Leader Of Tommorow | TOP COINS TO BUY IN 2023 | Optimism Price Prediction,2023-04-20 17:29:25,1,1.0,investmenteducation
Global_Informant,ADP,"Private sector job growth tumbles in March to 145,000, worse than expected: ADP",2023-04-05 17:44:12,2,1.0,investmenteducation
Philip19967,APAC,Fobi Expands Solutions to Asia-Pacific (APAC) with Official Launch in Japan,2023-03-29 12:15:29,3,1.0,investmenteducation
StockConsultant,CRUS,$CRUS Cirrus Logic stock,2023-03-28 13:32:06,1,1.0,investmenteducation
GavinFromAutoglass,CME,Why don’t CME Ethanol futures trade?,2023-03-10 17:09:47,6,1.0,commodities
CatalinaMendez,PET,"PET Coke at best price, 180$ CIF EU",2022-12-06 01:15:39,0,0.44,commodities
StockConsultant,RIOT,$RIOT Platforms stock,2023-04-26 13:33:52,1,1.0,optionstrading
StockConsultant,CRUS,$CRUS Cirrus Logic stock,2023-03-28 13:28:49,1,1.0,optionstrading
StockConsultant,META,$META stock,2023-03-14 15:41:18,2,1.0,optionstrading
Active-Astronaut5758,ULTA,$ULTA $8.8M Put Strike: 450 Expiration: 3/17 23 *At the Ask* (Any.. Thoughts),2023-03-08 01:51:51,2,1.0,optionstrading
Winter-Extension-366,LIFE,"""A DAY IN THE LIFE OF A 0DTE OPTION"" ~ A tongue-in-cheek analysis by Academy Securities",2023-03-01 05:02:51,1,1.0,optionstrading
StockConsultant,AMZN,$AMZN Amazon stock,2023-02-23 22:04:34,0,0.5,optionstrading
Zealousideal-Team-12,CSCO,"Predictions on CSCO, SHOP and ROKU for earnings report today (02/15)?",2023-02-15 20:13:38,2,1.0,optionstrading
StockConsultant,LCID,$LCID Lucid stock,2023-02-14 14:37:20,1,1.0,optionstrading
StockConsultant,ROST,$ROST Ross Stores stock,2023-02-09 14:34:27,1,1.0,optionstrading
StockConsultant,ZYME,$ZYME Zymeworks stock,2023-02-08 13:39:07,1,1.0,optionstrading
StockConsultant,ETSY,$ETSY stock,2023-02-02 14:27:10,1,1.0,optionstrading
StockConsultant,SBUX,$SBUX Starbucks stock,2023-01-26 13:53:19,0,0.33,optionstrading
StockConsultant,MULN,$MULN Mullen Automotive stock,2023-01-23 13:27:30,0,0.5,optionstrading
Winter-Extension-366,FUND,GLOBAL FUND FLOWS -> US EQUITIES SEE 3RD STRAIGHT WEEK OF OUTFLOWS...,2023-01-22 04:55:25,1,1.0,optionstrading
StockConsultant,RIVN,$RIVN Rivian Automotive stock,2023-01-18 13:31:32,0,0.5,optionstrading
StockConsultant,WVE,$WVE Wave Life Sciences stock,2023-01-17 14:18:12,2,1.0,optionstrading
Free-Manufacturer-87,LIVE,SPY DAY TRADES & LIVE TRADING,2023-01-16 21:18:37,1,0.67,optionstrading
StockConsultant,NKLA,$NKLA Nikola stock,2023-01-11 13:05:39,0,0.5,optionstrading
International_Yam594,FORD,FORD Puts,2022-12-02 18:30:29,1,0.67,optionstrading
AceJohnson_,LYFT,Help me understand why my Put Option on LYFT is profitable,2020-04-18 01:35:08,7,1.0,optionstrading
spicesled,AQST,AQST fakey??,2020-04-15 13:09:17,1,1.0,optionstrading
vontsont,SFIX,SFIX?,2020-04-05 00:17:19,0,0.5,optionstrading
choicefx,BYND,$BYND two day special,2020-03-26 14:01:47,2,0.76,optionstrading
NebulaDue3640,EA,Over what time period do you guys optimize your EA's?,2022-05-17 08:11:37,3,1.0,algorithmictrading
,EA,"Only Based on Simple Moving Averages 25, 50, 100, 200 with time frame 15M, 30M, 1H, 4H and Daily on 28 Currency pairs, Majors plus minors. I am only using a Profit Management Algorithm I designed and developed into an EA for MT4. This I have been testing on a demo account from last week Friday.",2022-03-17 20:34:45,9,0.85,algorithmictrading
adilkolakovic,NN,Creating an optimization algorithm for cost function for NN,2021-12-27 14:02:30,2,1.0,algorithmictrading
greenerdoc,IBKR,Grid trading bot for IBKR?,2021-11-09 23:03:20,5,1.0,algorithmictrading
,VS,CQF VS EPAT,2021-09-13 21:19:53,3,1.0,algorithmictrading
dial0663,QQQ,As per your request for Markov Regime Switching models with SPY & QQQ,2021-05-19 15:15:18,10,0.92,algorithmictrading
Jatin19k,IBKR,Can anybody share a sample script or tutorial about IBKR Client Portal API WebSocket for live data streaming,2021-01-31 06:41:11,4,0.84,algorithmictrading
RecklessTrader101,EVER,Robinhood claims it has a scheduled maintenance for Dogecoin. NEVER HAVE I EVER SEEN ANY scheduled maintenance for any stocks. ROBINHOOD Still on they BullShit. I may have to take all of my money out and put it in WeBull,2021-01-28 22:34:17,23,0.86,algorithmictrading
Any_Spite1026,BRP,Can BRP holders open ISA accounts?,2023-03-04 17:28:30,3,1.0,ukstocks
Dry-Cell883,PFC,Look at Petrofac go! £PFC,2022-01-13 11:57:32,4,0.83,ukstocks
BreakDistinct6596,JD,JD sports stock,2021-12-07 16:24:20,6,0.88,ukstocks
Matterall_83,ASO,ASO covered call:,2023-03-14 07:41:57,2,0.76,coveredcalls
Winter-Extension-366,LIFE,"""A DAY IN THE LIFE OF A 0DTE OPTION"" ~ A tongue-in-cheek analysis by Academy Securities",2023-03-01 05:01:12,2,1.0,coveredcalls
,NVDA,"NVDA. Made 3bills on this last week. Lost out on making 3 more. The way life goes. Will replace with some BA, Aapl and low tomorrow. Shoulda known the crazy high premium was too good.",2023-02-27 00:38:21,2,0.75,coveredcalls
plakotta,QYLD,"Are there ETFs which one can own and then sell CCs on them. Like XLYD, RYLD, JEPI, QYLD?",2023-02-26 00:00:45,4,0.84,coveredcalls
bomleyurza,AAPL,Avoiding assignment for AAPL (ex-div on 2/10) Covered calls,2023-02-08 02:45:12,2,1.0,coveredcalls
XXeon9753,NEGG,NEGG on a run,2023-01-13 16:55:34,1,1.0,coveredcalls
,AAPL,"Bought some AAPL, sold cc in the $. Bought more AAPL, sold cc in the $. Used OPM—-margin. She stays up, I’ll make $124.",2023-01-06 17:26:00,6,1.0,coveredcalls
bgreenie23,RIVN,New RIVN Trade,2022-12-29 21:30:09,5,1.0,coveredcalls
Jon999917,QQQ,Are there any stocks or ETFs other than SPY and QQQ that have daily expiration dates?,2022-12-07 15:22:04,9,1.0,coveredcalls
Neat_Ad_771,BBBY,"Weekly CC's vs monthly. I have been doing weekly CC with GME and BBBY. However, with the strong possibility of a strong run coming should I switch to January 20 long dated out of money?",2022-12-07 04:19:07,1,1.0,coveredcalls
SuperMoonRocket,GOOG,Replacing GOOG for something in the same price range.,2022-12-05 19:39:07,5,1.0,coveredcalls
noicedeb8r,GOOG,Recommendations to do PMCC's on GOOG or AAPL or TSLA,2022-11-12 02:17:54,2,1.0,coveredcalls
Either-Reality8274,GOOG,GOOG CCs,2022-10-13 06:36:40,11,1.0,coveredcalls
LOLatVirgins,TQQQ,TQQQ CCs & CSPs strategies,2022-10-08 18:38:30,7,0.9,coveredcalls
hereforinfo11,BBBY,BBBY covered calls,2022-09-22 22:09:22,7,1.0,coveredcalls
,TQQQ,I think I rolled my covered call option too far out with a strike price too close to the current money. Any solutions? I’m trading TQQQ and don’t want assignment,2022-09-10 00:18:03,5,0.86,coveredcalls
10000squares,TSLA,I have 600 Share of TSLA. I don't plan on selling. What's the best way to make money off this? OTM CCs?,2022-08-30 14:50:23,13,0.94,coveredcalls
yellowplums,BBBY,"Selling some quick covered calls with BBBY, does this make sense?",2022-08-29 21:23:56,5,0.86,coveredcalls
,BBBY,How to play CCs for BBBY now!,2022-08-18 23:41:24,1,0.67,coveredcalls
reddevildan,AAPL,Is it a good time roll AAPL CC 180 9/16 contract?,2022-08-18 21:31:53,2,0.75,coveredcalls
Dependent-Code-4166,BBBY,What to do with BBBY,2022-08-18 14:07:07,1,0.67,coveredcalls
Dependent-Code-4166,BBBY,Sold cc for the first time. BBBY,2022-08-13 12:51:47,7,0.9,coveredcalls
utminafrica,IBKR,IBKR - CC Yield Details,2022-08-11 12:12:16,3,1.0,coveredcalls
StockConsultant,RIOT,$RIOT Platforms stock,2023-04-26 13:31:10,1,1.0,stonkfeed
DISANews,III,: Fans lose out on King Charles III’s Coronation tickets over ‘misleading’ Ticketmaster email,2023-04-26 11:28:58,1,1.0,stonkfeed
DISANews,BBBY,: Will Bed Bath & Beyond stores close? Can I still use my coupons? What shoppers need to know about the BBBY bankruptcy,2023-04-24 17:29:48,1,1.0,stonkfeed
MightBeneficial3302,NEXT,IS AI IMPAIRMENT TESTING NEXT FOR CANNABIS? (CSE:PMED)(OTCQB:PMEDF),2023-04-24 15:56:15,1,1.0,stonkfeed
StockConsultant,RIOT,$RIOT Platforms stock,2023-04-26 13:37:51,1,1.0,nasdaq
spotlightgrowth,OXBR,9 Reasons to Consider Investing with Oxbridge Re’s (NASDAQ: OXBR) Web3 Startup SurancePlus,2023-04-20 15:26:39,1,1.0,nasdaq
OkWestern8837,BCTX,NASDAQ:BCTX $25 Price Target with Buy Rating,2023-04-17 19:25:42,1,1.0,nasdaq
OkWestern8837,BCTX,$BCTX BriaCell Presents Positive Data Demonstrating Survival and Clinical Benefits in Advanced Metastatic Breast Cancer at the 2023 AACR,2023-04-17 15:55:50,1,1.0,nasdaq
spotlightgrowth,FRGT,Freight Technologies (NASDAQ: FRGT) Sees Highest New Client Monthly Increase Since Launch of Fr8App,2023-04-05 16:29:50,3,1.0,nasdaq
StocksonHighAlertz,DFLI,Dragonfly Energy $DFLI Reports Fourth Quarter and Full Year 2022 Financial Results,2023-04-03 17:46:36,1,1.0,nasdaq
OkWestern8837,BCTX,"BriaCell Therapeutics (Nasdaq: BCTX, BCTXW) plans to spin-out certain pre-clinical assets into a newly created entity, SpinCo.",2023-03-30 18:11:16,2,1.0,nasdaq
StockConsultant,CRUS,$CRUS Cirrus Logic stock,2023-03-28 13:33:00,1,1.0,nasdaq
drachiryu,ON,THE LARGEST COMMODITY ON THE PLANET $OCLN @orignclear,2023-03-23 15:19:39,1,1.0,nasdaq
griffinrc,MYNZ,$MYNZ Mainz Biomed to Present at Sidoti Virtual Investor Conference March 22-23,2023-03-21 15:03:55,2,1.0,nasdaq
StocksonHighAlertz,MYNZ,"Today I have a diagnostics biotech company with near-term catalysts, small float, potential chart breakout,.. $MYNZ",2023-03-20 15:23:25,2,1.0,nasdaq
spotlightgrowth,PCT,PureCycle Technologies (NASDAQ: PCT) Enters Into Strategic Distribution Partnership With Formerra For its PureFive UPR Polypropylene Resin Product,2023-03-16 16:03:38,1,1.0,nasdaq
OkWestern8837,BCTX,"BriaCell Therapeutics Corp. (Nasdaq: BCTX, BCTXW) will be sharing ""refreshed survival updates, new patient data, and potential late-breaking discoveries.""",2023-03-15 18:08:06,1,1.0,nasdaq
StockConsultant,META,$META stock,2023-03-14 15:58:18,1,1.0,nasdaq
RaRa_rarara,HUGE,A HUGE POTENTIAL INCREASE OF TURKISH AMAZON,2023-03-08 17:53:30,2,1.0,nasdaq
spotlightgrowth,AMAO,"American Acquisition Opportunity (NASDAQ: AMAO) and Royalty Management Corp Seek to Leverage its Royalty Business Model for the Budding Critical Metals, Sustainable Living, and Digitalization Markets",2023-03-07 15:32:38,1,1.0,nasdaq
GroundExcellent1591,TQQQ,"Is the stock market going up or down tomorrow? My choice for March 7, TQQQ or SQQQ",2023-03-06 23:19:54,0,0.5,nasdaq
spotlightgrowth,AREC,American Resources Corporation's (NASDAQ: AREC) American Carbon Expands Production at Its Carnegie 2 Metallurgical Mine,2023-03-02 17:43:49,1,1.0,nasdaq
BitterSwEEt_nothing,HUBC,$HUBC HUB Security Rings the Opening Bell,2023-03-01 13:37:33,1,1.0,nasdaq
spotlightgrowth,ASUR,"Asure Software (NASDAQ: ASUR) reports record Q4 and record FY 2022 financial results, raises FY 23 and Q1 23 guidance",2023-02-27 22:22:20,1,1.0,nasdaq
Lily_GoodGirl,KSCP,Buying back KSCP immediately?,2023-02-26 16:39:01,0,0.5,nasdaq
StockConsultant,AMZN,$AMZN Amazon stock,2023-02-23 22:07:48,1,1.0,nasdaq
ActsIdea4U,BLUE,BLUE BIRD CORP: Racing Ahead in the School Bus Industry,2023-02-15 13:47:18,1,1.0,nasdaq
StockConsultant,LCID,$LCID Lucid stock,2023-02-14 14:40:56,1,1.0,nasdaq
StockConsultant,ROST,$ROST Ross Stores stock,2023-02-09 14:37:40,1,1.0,nasdaq
StockConsultant,ZYME,$ZYME Zymeworks stock,2023-02-08 13:43:00,1,1.0,nasdaq
ActsIdea4U,DOMO,DOMO INC: Will its Cloud Platform Help it Reach the Skies?,2023-02-07 13:00:44,1,0.66,nasdaq
StockConsultant,ETSY,$ETSY stock,2023-02-02 14:30:47,2,1.0,nasdaq
StockConsultant,SBUX,$SBUX Starbucks stock,2023-01-26 13:57:11,1,1.0,nasdaq
StockConsultant,MULN,$MULN Mullen Automotive stock,2023-01-23 13:39:47,1,0.66,nasdaq
spotlightgrowth,ASUR,Good start to 2023 for $ASUR,2023-01-21 00:08:34,1,1.0,nasdaq
OkWestern8837,CMND,"(Nasdaq, CSE: CMND) (FSE: CWY) Israel-Based Clearmind Medicine Inc. Successfully Completed Two R&D Projects With The Hebrew University of Jerusalem’s Tech Transfer Company, Yissum.",2023-01-19 19:02:16,1,1.0,nasdaq
StockConsultant,RIVN,$RIVN Rivian Automotive stock,2023-01-18 13:42:45,2,1.0,nasdaq
StockConsultant,WVE,$WVE Wave Life Sciences stock,2023-01-17 14:22:35,1,0.66,nasdaq
_Analystica,HUBC,HUB Security $HUBC Girds for NASDAQ Listing via SPAC $RNER,2023-01-15 09:38:24,14,0.99,nasdaq
Top_Bluejay_5645,GAN,$GAN set to give you GAiNs for 2023 ,2023-01-13 05:47:19,1,1.0,nasdaq
StockConsultant,NKLA,$NKLA Nikola stock,2023-01-11 13:22:45,1,1.0,nasdaq
drachiryu,CMND,Clearmind Medicine Inc. (Nasdaq:CMND) Achieves Major Milestone: Successfully Completes Production of CMND-100 Drug Candidate for Clinical Trial,2023-01-10 15:28:33,2,1.0,nasdaq
StocksonHighAlertz,CMND,"Clearmind Medicine Inc. (Nasdaq, CSE: CMND) enters the global market for obesity drugs valued at $1.9 billion",2023-01-05 16:59:03,2,1.0,nasdaq
StocksonHighAlertz,CMND,(NASDAQ: CMND) Is set to disrupt the mental health and addiction medicine markets with intellectual portfolio consists of seven patent families,2023-01-04 14:30:43,1,1.0,nasdaq
StockConsultant,AMD,$AMD Advanced Micro Devices stock,2023-01-03 12:58:10,2,1.0,nasdaq
OkWestern8837,BCTX,"BriaCell Therapeutics Corp. (Nasdaq: $BCTX, $BCTXW) (TSX: $BCT)",2022-12-20 15:51:13,1,1.0,nasdaq
EagleEyeStx,BITF,Nasdaq warns Bitcoin mining firm Bitfarms $BITF about share price deficiency,2022-12-19 10:25:32,1,1.0,nasdaq
EagleEyeStx,TA,HUB Cyber Security ($HUB.TA) and Mount Rainier ($RNER) Announce Registration Statement Effectiveness and Special Meeting Date to Approve Business Combination,2022-12-19 07:56:19,2,1.0,nasdaq
spotlightgrowth,VMAR,Vision Marine Technologies (NASDAQ: VMAR) Receives Initial E-Motion Propulsion System Purchase Order from Groupe Beneteau,2022-12-15 17:01:37,1,1.0,nasdaq
StockConsultant,ARRY,$ARRY Array Technologies stock,2022-12-14 16:45:21,1,1.0,nasdaq
_Analystica,RIVN,"Rivian, Warner Bros. Discovery to join Nasdaq 100 in rebalancing $RIVN $WBD",2022-12-14 11:10:24,1,1.0,nasdaq
spotlightgrowth,ASUR,Breaking down the six analysts covering $ASUR and their individual price targets,2022-12-09 16:52:18,2,1.0,nasdaq
_Analystica,ZS,Industry Report: Cyber Valuations May be Back on the Rise – Which Companies are Undervalued? - Zscaler (NASDAQ:ZS) (NASDAQ:NLOK)(NASDAQ:HUBC),2022-12-04 09:33:01,2,1.0,nasdaq
StocksonHighAlertz,JUPW,Look at the List of Catalysts Happening now at Jupiter Wellness (JUPW) That May Catapult Revenues and Valuation.,2022-12-02 03:27:02,2,1.0,nasdaq
Disruptor_Stocks,HUBC,Hub Security $HUBC Files Amendment to Registration Statement for Its Upcoming $1.28 Billion Nasdaq Listing,2022-11-27 07:56:20,2,1.0,nasdaq
StockConsultant,BYND,$BYND Beyond Meat stock,2022-11-25 14:38:23,1,0.67,nasdaq
happuchino,VRM,VRM,2022-11-23 15:03:34,2,0.67,nasdaq
spotlightgrowth,ASUR,$ASUR +11.6% today; golden cross on watch,2022-11-22 23:13:06,3,1.0,nasdaq
happuchino,VRM,Go Up VRM,2022-11-22 21:54:32,1,1.0,nasdaq
spotlightgrowth,ASUR,Asure (NASDAQ: ASUR) Reports Strong Q3 2022 Earnings – Management Upbeat with Encouraging Top & Bottom Lines,2022-11-16 15:14:45,1,1.0,nasdaq
StockConsultant,FSLR,$FSLR First Solar stock,2022-11-15 14:35:21,1,1.0,nasdaq
MarketBullish,QQQ,Update on overall market today. SPY & QQQ approach key resistance levels.,2022-11-14 21:42:47,2,1.0,nasdaq
MarketBullish,QQQ,Update on overall market today. Run continued for the SPY and QQQ,2022-11-12 00:13:46,1,0.66,nasdaq
StockConsultant,ROKU,$ROKU stock,2022-11-10 14:35:54,1,1.0,nasdaq
StocksonHighAlertz,RGC,"Mr. Yat-Gai Au, chairman and CEO of Regencell Bioscience Holdings Ltd. RGC is attracting a lot of press.",2022-11-10 14:25:50,1,1.0,nasdaq
spotlightgrowth,GRWG,"GrowGeneration (NASDAQ: GRWG) Reports Tough Q3 2022 Quarterly Results, But Surprises Investors With Upgraded Revenue and Adj. EBITDA Guidance for FY 2022",2022-11-08 17:13:23,1,0.66,nasdaq
_Analystica,STKH,Steakholder Foods $STKH Receives First Registered Trademark in Japan,2022-11-08 09:02:13,2,0.75,nasdaq
Trendspott,DKNG,$DKNG $TWLO $TEAM $HSY Most trending stocks today based on open source data and crowd wisdom from social media paltforms.,2022-11-04 22:23:07,1,1.0,nasdaq
Demonhunter3232,ROKU,"$ROKU, worth a shot?",2022-11-03 12:03:15,1,1.0,nasdaq
shawvicdaas,AMZN,$AMZN sinking bad,2022-11-01 16:39:11,2,1.0,nasdaq
EagleEyeStx,TA,"$HUB.TA Shareholders Approve TASE Delisting, Simultaneous NASDAQ Listing",2022-11-01 12:23:56,7,0.9,nasdaq
MarketBullish,QQQ,SPY update & brief update on QQQ,2022-11-01 01:13:22,1,1.0,nasdaq
StocksonHighAlertz,SYTA,Siyata Mobile $SYTA Sales are Ramping Including a Recent Order from the U.S. Navy,2022-10-26 15:25:00,4,1.0,nasdaq
StocksonHighAlertz,BYND,BYND Cannasoft Enterprises $BCAN CEO Discusses Marijuana Reform and Corporate Advancements in Audio Interview with SmallCapVoice.com,2022-10-25 14:02:13,1,1.0,nasdaq
StockConsultant,EBAY,$EBAY stock,2022-10-25 13:18:18,2,1.0,nasdaq
Due-Pie3166,MSFT,"Like most tech stocks, Microsoft (MSFT) has experienced volatility all year long. The stock is down more than 25% year-to-date, and the company missed earnings in the last quarter. Will Microsoft beat earnings today?",2022-10-25 09:44:53,3,1.0,nasdaq
Waterskipper7777,LIFE,WHY INVESTING IN STOCKS MIGHT BE THE BEST DECISION OF YOUR LIFE,2019-12-14 16:40:14,0,0.43,stocksandboobs
Waterskipper7777,ROKU,ARE YOU SERIOUSLY INVESTING INTO ROKU STOCK?,2019-12-04 13:47:26,7,1.0,stocksandboobs
tampatrish,ROKU,How Should You Trade ROKU Stock Amid Growing Streaming Business,2019-11-27 13:15:28,1,1.0,stocksandboobs
Waterskipper7777,EVER,BIGGEST IPO EVER: SAUDI ARAMCO,2019-11-19 15:44:36,1,0.6,stocksandboobs
knott4shore,ROKU,"Is ROKU Stock a Buy Or Hold on Disney, Apple & Streaming TV Growth?",2019-11-19 13:38:28,0,0.5,stocksandboobs
Waterskipper7777,NEXT,CLOUDKITCHENS: EX UBER CEO TRAVIS KALANICK’S NEXT BILLION DOLLAR UNICORN,2019-11-13 14:04:08,2,0.75,stocksandboobs
markiemark621,ROKU,Streaming Stocks Take Aim At Winning The Content War $DIS $ROKU $FERL,2019-11-11 14:16:09,2,0.75,stocksandboobs
knott4shore,AAPL,Will Apple Inc.’s (AAPL) Stock Price Head Higher As Cord Cutting Continues?,2019-11-05 18:49:25,1,1.0,stocksandboobs
knott4shore,PMCB,PharmaCyte Biotech (PMCB) Closer to Submitting IND by Successfully Completing Encapsulation of Second Manufacturing Run of Clinical Trial Product,2019-11-04 15:19:09,1,1.0,stocksandboobs
markiemark621,GT,GT Biopharma (GTBP) Announces Solid Tumor Targeting TriKe Kills Non-small Cell Lung Cancer (NSCLC) Tumor Cells,2019-10-22 12:51:25,4,1.0,stocksandboobs
markiemark621,TLSA,Tiziana Life Sciences (TLSA) Reports Positive Phase 2a Clinical Data Exhibiting Positive Clinical Activity with Milciclib Monotherapy in Advanced Sorafenib-refractory or -intolerant Patients with Unresectable or Metastatic Hepatocellular Carcinoma,2019-09-04 13:58:28,1,1.0,stocksandboobs
markiemark621,AMGN,Is Amgen (AMGN)’s Acquisition of Celgene’s Medicine A Boost For Biotech Stocks?,2019-09-03 13:21:42,3,0.81,stocksandboobs
markiemark621,PMCB,PharmaCyte Biotech (PMCB) Confirms Dr. Manuel Hidalgo Will Be Principal Investigator for Clinical Trial in Pancreatic Cancer,2019-08-28 13:56:10,2,1.0,stocksandboobs
markiemark621,LIFE,TIZIANA LIFE SCIENCES PLC (TLSA),2019-08-23 14:50:16,2,0.75,stocksandboobs
tampatrish,ACAD,ACADIA Pharmaceuticals (ACAD) Hit By FDA News: Are Biotech Stocks Good To Buy Now?,2019-07-30 12:47:51,1,0.67,stocksandboobs
tampatrish,PMCB,PharmaCyte Biotech (PMCB) and UTS Creating Advanced Version of Melligen Cells to Treat Diabetes,2019-07-22 17:17:28,7,1.0,stocksandboobs
markiemark621,ROKU,ROKU Stock Price Hits Another Life Time High: Good News For Tech Stocks?,2019-07-18 20:01:48,8,0.9,stocksandboobs
,AMD,AMD EPYC 7371 Pricing Update An Insane Value,2018-12-07 13:15:52,2,0.76,stocksandboobs
Waterskipper7777,LIFE,WHY INVESTING IN STOCKS MIGHT BE THE BEST DECISION OF YOUR LIFE,2019-12-14 16:59:48,3,0.8,investing101
Waterskipper7777,ROKU,ARE YOU SERIOUSLY INVESTING INTO ROKU STOCK?,2019-12-04 14:04:08,2,1.0,investing101
Waterskipper7777,ON,DO YOU KNOW THESE 3 THINGS TO START ON THE STOCK MARKET 2020?,2019-11-30 15:12:57,2,1.0,investing101
TopMarketGainers_com,DOCU,DocuSign Inc has a lot to prove. for NASDAQ:DOCU by TopMarketGainers,2019-09-05 12:12:56,5,1.0,investing101
adestitono,RUN,THE EASY WAY TO GOLD INVESTMENT FOR BEGINNERS TO BE ABLE TO RUN SMOOTHLY,2019-09-04 04:57:08,1,1.0,investing101
TopMarketGainers_com,SEAC,SeaChange soars on earnings beat for NASDAQ:SEAC by TopMarketGainers,2019-08-30 12:35:31,3,0.81,investing101
TopMarketGainers_com,BEAT,"WALMART, a blueprint for others how to do it. BEAT & RAISE for NYSE:WMT by TopMarketGainers",2019-08-16 12:24:50,3,0.81,investing101
Pennystock101,VTNR,VTNR - Announcement Bullish Momentum. Can This Trend Continue? for NASDAQ:VTNR by PennyStock101,2019-08-09 12:56:22,4,1.0,investing101
TopMarketGainers_com,HAS,Christmas Has Come early for Hasbro Investors. for NASDAQ:HAS by TopMarketGainers,2019-08-09 12:16:38,3,0.72,investing101
TopMarketGainers_com,TECH,"Latest Hot Alert, GAXY is a past +75%winner, game changing TECH for OTC:GAXY by TopMarketGainers",2019-08-07 23:53:54,2,0.63,investing101
TopMarketGainers_com,INMB,INMB is our fresh Nasdaq Stock Alert set for huge reversal trade for NASDAQ:INMB by TopMarketGainers,2019-08-05 12:13:43,2,0.76,investing101
TopMarketGainers_com,NTAP,$45-$43 price target for Netapp Correction for NASDAQ:NTAP by TopMarketGainers,2019-08-02 12:16:03,3,0.81,investing101
TopMarketGainers_com,PYPL,"Paypal is starting to turn Bearish, divergences evident. for NASDAQ:PYPL by TopMarketGainers",2019-07-27 19:04:23,4,0.76,investing101
TopMarketGainers_com,ALGN,"Align sitting on critical support, 40% downside potential. for NASDAQ:ALGN by TopMarketGainers",2019-07-26 15:46:19,5,0.86,investing101
TopMarketGainers_com,SMSI,The Smart Money Is Buying $SMSI Into Earnings. $5 Price Target! for NASDAQ:SMSI by TopMarketGainers,2019-07-25 15:10:33,2,0.76,investing101
L-tilt,PPBI,"What do you think of PPBI, QD, and NRP. I recently made a YouTube video on my top 3 small cap stocks and these stocks are what I selected.",2019-06-28 05:49:01,1,1.0,investing101
befreeearth,TALK,IS BITCOIN LIKE GOLD? A CRYPTOCURRENCY TALK,2019-01-30 19:29:03,2,1.0,investing101
AXsystemnewversion,NAAS,NAAS Technology Inc.(NASDAQ: NAAS) showcases automatic charging robots to dig into the autonomous driving and mobile energy storage markets,2023-04-20 15:10:29,3,1.0,ev_trading_community
Spenmiami,BLNK,$BLNK Blink Charging Earning Call Records Numbers reported Q4,2023-02-28 23:39:44,5,1.0,ev_trading_community
Spenmiami,BLNK,$BLNK Blink Charging Retains ShareIntel to Investigate Suspected Illegal Naked Shorting Activity,2023-02-01 16:20:34,3,1.0,ev_trading_community
rwoooshed,TSLA,$TSLA Tesla Is Finally Cheap - Strong Buy Now,2023-01-22 17:38:10,2,1.0,ev_trading_community
rwoooshed,TSLA,"$TSLA Giant Parts Of 9,000-Ton Tesla Cybertruck Giga Press Arrive At Giga Texas",2023-01-14 14:43:20,2,1.0,ev_trading_community
rwoooshed,TSLA,$TSLA Tesla Market Value Debate Rages On: Is It a Tech or Car Company?,2023-01-13 17:10:38,2,1.0,ev_trading_community
rwoooshed,UAE,"UAE, Britain sign MoU to advance energy sector, climate action",2023-01-13 17:08:39,1,1.0,ev_trading_community
rwoooshed,UAE,UAE's Masdar signs MoU with Dutch companies to develop green hydrogen supply chain,2023-01-13 17:07:54,1,1.0,ev_trading_community
rwoooshed,TSLA,$TSLA Factbox: Tesla cuts prices globally in a bid to spur demand,2023-01-13 17:06:07,1,1.0,ev_trading_community
rwoooshed,TSLA,$TSLA Musk bets big on beating shareholders at 'funding secured' trial,2023-01-13 17:03:30,1,1.0,ev_trading_community
rwoooshed,TSLA,"$TSLA Tesla: we are making Model Y, Model 3 more accessible to customers",2023-01-13 17:02:52,1,1.0,ev_trading_community
rwoooshed,VVPR,"$VVPR VivoPower Announces Strategic Investment, Financing and Development Update for Tembo",2023-01-13 16:59:02,2,1.0,ev_trading_community
rwoooshed,VVPR,$VVPR VivoPower International PLC Announces Appointment of Eduardo Nebot to the Advisory Council,2023-01-13 16:58:23,1,1.0,ev_trading_community
rwoooshed,TSLA,"$TSLA Citigroup Maintains Neutral on Tesla, Lowers Price Target to $140",2023-01-13 16:54:26,1,1.0,ev_trading_community
rwoooshed,DCFC,"$DCFC Credit Suisse Maintains Neutral on Tritium DCFC, Lowers Price Target to $3",2023-01-13 16:53:52,1,1.0,ev_trading_community
rwoooshed,TSLA,"$TSLA Wells Fargo Maintains Equal-Weight on Tesla, Lowers Price Target to $130",2023-01-13 16:52:24,1,1.0,ev_trading_community
rwoooshed,TSLA,$TSLA Guggenheim Downgrades Tesla to Sell,2023-01-13 16:51:56,1,1.0,ev_trading_community
rwoooshed,ADSE,"$ADSE DA Davidson Maintains Buy on ADS-TEC Energy, Lowers Price Target to $10",2023-01-13 16:49:35,1,1.0,ev_trading_community
rwoooshed,PSNY,$PSNY $TM Polestar Exec Goes After Toyota For Its Anti-EV Strategy,2023-01-12 20:00:17,1,1.0,ev_trading_community
rwoooshed,CPRT,"$APTV $CPRT $LAD $ORLY $TSLA Wall Street's 5 Favorite Car Stocks for 2023, Including Tesla and Copart",2023-01-12 19:51:54,1,1.0,ev_trading_community
rwoooshed,TSLA,$TSLA Tesla China Plant Expansion in Doubt Over Starlink Concerns,2023-01-12 19:30:49,1,1.0,ev_trading_community
rwoooshed,TSLA,$TSLA Judge rejects Tesla&'s challenge to Calif. agency in race bias lawsuit,2023-01-12 19:18:20,1,1.0,ev_trading_community
rwoooshed,TSLA,$TSLA Tesla investors argue Musk can receive fair 'funding secured' trial in San Francisco,2023-01-12 19:16:45,1,1.0,ev_trading_community
rwoooshed,LCID,$LCID Lucid beats lawsuit claiming it defrauded SPAC investors about production outlook,2023-01-12 19:15:56,2,1.0,ev_trading_community
rwoooshed,EQ,$MBGAF Mercedes to drop EQ product brand -Handelsblatt,2023-01-12 19:15:11,1,1.0,ev_trading_community
rwoooshed,WEJO,$WEJO $TM Wejo Announces Data Agreement with Toyota Motor North America,2023-01-12 19:10:24,1,1.0,ev_trading_community
rwoooshed,MBLY,"$MBLY Mobileye Announces Timing of its Fourth Quarter and Full Year 2022 Results: Thursday, January 26, 2023, before market open",2023-01-12 19:09:36,1,1.0,ev_trading_community
rwoooshed,NKLA,$ALSN $NKLA Allison Transmission Collaborates with Nikola to Drive Next-Generation Vehicle Development at Allison’s Vehicle Electrification + Environmental Test Center,2023-01-12 19:07:06,1,1.0,ev_trading_community
rwoooshed,SEV,$SEV Sono Motors Announces Progress on the Community Campaign,2023-01-12 19:06:06,1,1.0,ev_trading_community
rwoooshed,SLDP,$SLDP Solid Power Receives DOE Award to Develop Nickel- and Cobalt-Free Batteries,2023-01-12 19:03:17,1,1.0,ev_trading_community
rwoooshed,LCID,"$LCID Lucid Produced 3,493 Vehicles in Q4 2022 and 7,180 in the Full Year 2022, Exceeding Annual Guidance",2023-01-12 18:39:17,1,1.0,ev_trading_community
rwoooshed,NVVE,"$NVVE NUVVE'S PRESIDENT AND COO, TED C. SMITH, CFA, CIC, NACD.DC, IS RECOGNIZED AS NACD DIRECTORSHIP CERTIFIED",2023-01-12 18:38:11,1,1.0,ev_trading_community
rwoooshed,TSLA,$TSLA Footage of Tesla phantom braking causing 8-car crash pile-up emerges,2023-01-11 15:14:15,1,0.67,ev_trading_community
rwoooshed,TSLA,$TSLA Tesla Model Y AWD With 4680 Battery Cells Now Available,2023-01-11 14:48:14,1,1.0,ev_trading_community
rwoooshed,TSLA,$TSLA Tesla Model Y best-selling premium SUV in China in 2022,2023-01-11 14:45:52,1,1.0,ev_trading_community
rwoooshed,RIVN,$RIVN WSJ News Exclusive | Several Top Rivian Executives Depart the Electric-Vehicle Startup,2023-01-11 14:42:47,1,1.0,ev_trading_community
rwoooshed,TSLA,$TSLA Tesla Stock Is Still Loved—and Hated. How to Cut Through the Noise.,2023-01-11 14:41:51,1,1.0,ev_trading_community
rwoooshed,TSLA,$TSLA Elon Musk’s Tesla Hype Machine Breaks Down,2023-01-11 14:31:41,1,1.0,ev_trading_community
rwoooshed,AMV,$AMV Atlis Motor Vehicles Reaches 2 Gigawatt-Hours in Customer Demand for Batteries,2023-01-11 14:22:32,1,1.0,ev_trading_community
rwoooshed,AYRO,$AYRO AYRO to Present at the Sidoti & Co. Micro Cap Virtual Conference,2023-01-11 14:21:27,1,1.0,ev_trading_community
rwoooshed,SPI,$SPI SPI's Solar4America to Showcase its American-made Solar Modules at the Community Solar Power Summit in San Diego,2023-01-11 14:19:54,1,1.0,ev_trading_community
rwoooshed,LITM,$LITM Snow Lake Lithium Provides Final Update Following Successful Completion of the 2022 Grass River Drilling Campaign,2023-01-11 14:19:07,1,1.0,ev_trading_community
rwoooshed,AQMS,$AQMS Aqua Metals Electroplates First Critical Battery Metal from Lithium Battery Black Mass at Li AquaRefining(TM) Pilot,2023-01-11 14:17:15,1,1.0,ev_trading_community
rwoooshed,FSLR,"$NEE $FSLR How the U.S. will generate its power in 2050 and the stocks that will benefit, according to Wells Fargo",2023-01-11 14:09:55,1,1.0,ev_trading_community
rwoooshed,TPG,$TPG Exclusive: TPG-owned Anew Climate invests up to $640 mln in Terra Global,2023-01-11 14:03:48,1,1.0,ev_trading_community
rwoooshed,TSLA,$TSLA Tesla files for $776 mln expansion of Texas gigafactory,2023-01-11 13:55:10,1,1.0,ev_trading_community
rwoooshed,TSLA,$TSLA Tesla Nears Preliminary Deal for Indonesia Electric Car Plant,2023-01-11 13:52:12,1,1.0,ev_trading_community
rwoooshed,ELBM,"$ELBM Electra Releases Inaugural Sustainability Report, Committing to Net-Zero Greenhouse Emissions by 2050",2023-01-11 13:49:56,1,1.0,ev_trading_community
PaulDii,GTX,GTX Corp to Collaborate with TulsaLabs to Develop Blockchain Authentication and Security for its NFC Supply Chain Tracking Solutions,2021-05-05 18:14:52,1,1.0,subpennystocks
jawsomesauce,GOOGL,What's Happening in $MAXD v $GOOGL? Part 1 - The Patent Wars (A Lawyer's Academic Perspective),2021-03-18 03:25:41,7,1.0,subpennystocks
YachtKing69,HUGE,HUGE catalyst for next week!,2021-03-12 14:27:09,0,0.5,subpennystocks
AprilBebeeFX,GOOG,Understanding $MAXD Vs. $GOOG case,2021-03-08 18:25:24,1,0.67,subpennystocks
stevek225,GOOGL,GOOGL,2023-04-04 15:33:56,1,1.0,letstalkmoneychannel
stevek225,ARCC,ARCC,2023-03-18 23:19:49,1,1.0,letstalkmoneychannel
MoneyManMedellin,GOOD,"Any day you can make $46,000 in one broker account is a GOOD day!",2023-02-02 16:12:08,13,1.0,letstalkmoneychannel
Yabadune,CVV,CVV and other small cap companies,2023-01-25 16:50:25,1,0.66,letstalkmoneychannel
stevek225,TSLA,TSLA earnings next week,2023-01-20 18:56:55,5,1.0,letstalkmoneychannel
MoneyManMedellin,TSLA,Tesla Sales Jump 76%...is this the Bottom for TSLA?,2023-01-17 15:09:58,10,1.0,letstalkmoneychannel
stevek225,TSLA,TSLA,2023-01-03 15:31:46,10,1.0,letstalkmoneychannel
stevek225,SOFI,SOFI,2022-12-21 15:57:11,4,0.84,letstalkmoneychannel
stevek225,FIVE,Please share your top FIVE stocks into 2023 you think are must-own positions with the most potential upside to grow or maintain versus the market.,2022-12-16 15:13:48,2,1.0,letstalkmoneychannel
MoneyManMedellin,TSLA,Opinion on Tesla (TSLA)? Are you Buying Tesla?,2022-12-14 20:48:47,1,1.0,letstalkmoneychannel
ChadTaylor1975,SOFI,SOFI’s good earnings,2022-11-01 13:27:21,3,0.81,letstalkmoneychannel
MoneyManMedellin,META,"Are you buying shares of Facebook (Meta Platforms, META)?",2022-10-27 13:45:22,4,0.83,letstalkmoneychannel
qwedsa789654,TA,hi newguy question on TA tqqq,2023-03-26 01:01:48,1,1.0,daytrade
dastockanalyst,TBLT,#TBLT  can move 100% from here? $15-$20 possible? 130%+ short interest! Price targets this week,2022-07-23 14:04:32,1,1.0,daytrade
ugos1,GOOG,Has GOOG Stock Split Presented A Buying Opportunity? Is Google Stock A B...,2022-07-19 07:10:10,2,1.0,daytrade
ugos1,HHS,Low Float HHS Stock: Inch By Inch Up The Chart For Over Two Years Non-St...,2022-06-30 11:46:40,1,1.0,daytrade
FINterpreter,TA,"BTC to 12k - Realistic TA. Predicted 18k last, and here we are.",2022-06-18 19:00:36,3,1.0,daytrade
FINterpreter,TA,BTC dead-cat bounce to 35-40k imminent! Realistic TA,2022-06-12 19:16:02,1,0.67,daytrade
FINterpreter,TA,Realistic TA has CRO heading for $0.10 very abruptly. I’m taking shorts!,2022-06-11 18:29:31,1,1.0,daytrade
FINterpreter,TA,Realistic TA suggests ADA is preparing to dump far below $0.50,2022-06-04 19:37:57,1,1.0,daytrade
Perci_Rawr,SND,Which types of trader are you? :keycap_1: Reversal  Entry when price MAKES UTURN in SNR and SND zones. :keycap_2: Breakout  Entry when price BREAKS AND BREAKS SNR and SND zones. :keycap_3: Range  Entry in a quiet market.,2022-05-27 14:24:35,2,0.76,daytrade
ugos1,GOVX,Low Float GOVX Stock's Rally Persists.,2022-05-24 16:03:16,2,1.0,daytrade
ugos1,AAPL,AAPL AMD F RIVN RBLX COIN AMC PLTR RIDE NVDA--Most Active Stocks,2022-05-12 15:01:58,3,1.0,daytrade
FINterpreter,TA,The bottom is NOT in for BTC  How to spot one using realistic TA ,2022-05-10 02:19:35,1,1.0,daytrade
ugos1,SIDU,"7,833% Spike In Volume For SIDU Stock. How High Can $SIDU Go?",2022-05-06 18:47:31,3,1.0,daytrade
FINterpreter,HUGE,HUGE potential for BTC to rally as DXY crashes  What do you guys think??,2022-05-04 20:53:34,1,1.0,daytrade
FINterpreter,TA,Realistic TA shows how BEAUTIFULLY Bitcoin is moving! This is SO Bullish!  Do you think we’ll see ATH in 2022?,2022-04-01 18:56:17,1,1.0,daytrade
dastockanalyst,RELI,#RELI  #AVCT  Two highly shorted stocks with nice chart pattern! Should we buy now? Chart analysis,2022-01-08 17:11:54,2,1.0,daytrade
dastockanalyst,ALLK,Two Stocks to Watch: #NXTD  #ALLK  Should you buy now for the possible run-up? Technical analysis!,2021-12-26 19:07:18,2,1.0,daytrade
dastockanalyst,ASTR,#ASTR  SUCCESSFUL LAUNCH! reached orbit! Monday BOOM! Price analysis #AstraSpace,2021-11-21 18:54:18,4,0.83,daytrade
dastockanalyst,STEP,#PROG  Another STEP up! still the PLAY IS ON! Price analysis! #Progenity,2021-11-21 15:52:40,4,0.99,daytrade
dastockanalyst,BBIG,#BBIG and #PROG  Stocks to Watch Friday and Next Week. Option chain activity and Price analysis ,2021-10-15 01:52:25,2,1.0,daytrade
dastockanalyst,ANY,#ANY  Why so bullish? Why i am loading? What's the price target? Technical analysis ,2021-10-14 00:12:15,1,1.0,daytrade
dastockanalyst,FAMI,Hot penny stocks  #FAMI  #PROG  Will they run even higher? What is the price target?,2021-10-01 01:45:24,1,1.0,daytrade
dastockanalyst,FAMI,Exploding Penny Stocks  #CEI  #FAMI #PROG  These penny stocks will be a banger! WHY? Watch it,2021-09-30 00:53:13,1,0.67,daytrade
dastockanalyst,MRIN,#MRIN Is another squeeze coming? What are the price levels you should watching for? Price analysis,2021-09-25 15:32:35,1,1.0,daytrade
lightroomcc,NVDA,$NVDA Technical Analysis & Price Levels - Week of August 23,2021-08-23 02:28:09,0,0.5,daytrade
dastockanalyst,NAOV,Stocks for Tomorrow  #AMC #SPRT #NAOV #ALF #ENVB #VRPX #SESN  Lets make money! Price analysis!,2021-08-17 23:27:10,1,1.0,daytrade
ConspiracyJustin,NRXP,NRXP is the late session runner,2021-08-17 16:52:17,3,1.0,daytrade
dastockanalyst,BTBT,Swing Trade Set-up #AMC #BTBT #UPST #BNGO #CLSK #ZOM  Lets make money! Technical Analysis,2021-08-15 18:39:16,2,1.0,daytrade
dastockanalyst,MVIS,#MVIS stock Earning released & price explosion  should you get in now? Technical analysis ,2021-08-05 01:20:36,2,0.75,daytrade
dastockanalyst,BTBT,Stocks to watch: #BTBT  #BTC  #SPRT  #ATOS  #ATOM  #MOSY  #ACY  For day/swing traders!,2021-08-04 23:56:54,3,1.0,daytrade
dastockanalyst,BNGO,#BNGO stock Earning released: Whats the numbers? Whats next? Price analysis!Should you buy?,2021-08-04 23:23:55,2,1.0,daytrade
dastockanalyst,XELA,#XELA stock Breakout coming? Should you buy the dip? $5 Strike call options! Technical analysis ,2021-07-25 23:20:35,3,1.0,daytrade
PakLong2556,TSLA,What happen to TSLA $671.46,2021-05-06 14:12:29,2,1.0,daytrade
filosofiadetrader,IQ,"""ANALISTAS"" QUEBRANDO CONTA AO VIVO NA IQ OPTION",2021-04-18 17:02:24,2,1.0,daytrade
filosofiadetrader,EM,Série 100 reais por dia ou TAKE LOSS -DIA5 OPERAMOS EM LIVE PNY VWAP ...,2021-04-14 23:10:20,1,1.0,daytrade
filosofiadetrader,PARA,SETUP VENCEDOR PARA DAY TRADE - Um Scalper Muito Eficaz e Simples de E...,2021-03-27 15:19:35,1,1.0,daytrade
Delta_Nil,COST,COST (Costco),2021-03-04 02:12:57,4,1.0,daytrade
filosofiadetrader,EM,TRADER PERDEU 200 MIL EM UM DIA OPERANDO AO VIVO (DAY TRADE),2021-02-26 14:22:03,1,1.0,daytrade
filosofiadetrader,IQ,CVM suspende trader de IQ Option que prometia lucros de até 100% ao mês,2021-02-17 15:27:02,1,0.67,daytrade
cheddarup,AREC,AREC ... wreckin it! LETS GO,2021-02-05 13:27:40,17,0.96,daytrade
AndersKingern,MGOL,Updated Free Float numbers for MGOL,2023-03-08 16:20:15,0,0.5,hellstradingfloor
AndersKingern,MGOL,$MGOL The Road to $50 Part Two: The Road back to Nam,2023-03-01 15:53:37,1,0.66,hellstradingfloor
bolas-de-diamante,BBBY,"BBBY, the race of all time",2023-01-10 04:06:04,12,0.93,hellstradingfloor
motogte,MULN,"MULN Positive Divergence Across Time Frames, Record High FTD's, Record High SI. Will Pop Next 2/3 Weeks Before Shareholder Meeting.",2022-12-03 00:11:48,3,0.8,hellstradingfloor
ReadyAd7212,RUN,LETS RUN AGRX TO THE MOON!!!,2022-11-08 15:18:13,4,0.83,hellstradingfloor
motogte,SWVL,Who is the Market Maker of $SWVL?!,2022-11-01 22:48:55,1,1.0,hellstradingfloor
Boltninja93,HTCR,HTCR shorts are losing join the fight 107%!!!!,2022-10-27 14:24:22,0,0.5,hellstradingfloor
motogte,IMPP,"SNMP, CEI, IMPP Gas In The Demand Zone, Pump for gas stocks incoming.",2022-10-19 20:32:49,1,0.67,hellstradingfloor
MedroMan,BIOR,"BIOR - TD, just wondering if you have any thoughts on what is going on with Bior. Thank you in advance.",2022-10-06 02:03:38,4,1.0,hellstradingfloor
Daddy_007_GOD,IDEX,$IDEX lots of buys,2022-10-05 15:25:28,1,0.66,hellstradingfloor
motogte,SWVL,"SWVL All Time High FTD's, 58% of its portfolio Ebitda Break Even. Cash flow positive early 2023. Micro Float, Micro Cap So Easy To Move.",2022-10-05 09:43:58,2,1.0,hellstradingfloor
motogte,SWVL,SWVL Impressive For Pennystock Under One dollar. Beaten down but curling back up.,2022-10-04 21:32:29,2,1.0,hellstradingfloor
Orbitkid1,LCFY,"A bit of DD I discovered in $LCFY. Do your own DD, this is my personal opinion. TA is looking good, Short volume is picking ,CTB, on the HTB list. The setup is there, might take some time to play out. Possibly getting in on the floor, or could fail.",2022-10-04 20:27:28,3,1.0,hellstradingfloor
motogte,SWVL,SWVL Bullish Divergence on RSI & OBV. Short Exempts high the last 14 days. Small float.,2022-09-20 14:30:58,1,0.67,hellstradingfloor
pikatruuu,PIK,"$PIK with shares outstanding of 7.69m, insiders hold 87.21% of the float leaving 983,351 shares outstanding. 7.88% of shares owned by insiders. 61.61% float held by institutions making up 605,842 shares. 377,508 shares not held by insiders/institutions. 36,109 shares short, 109.95 CTB per Fintel.",2022-09-08 16:34:19,6,1.0,hellstradingfloor
Winter-Excitement524,KERN,"$KERN insiders bought close to 350,000 shares at an average of $2.50 in 2021 what is it doing at 12 cents - it’s book value is even double.",2022-09-04 14:26:43,8,1.0,hellstradingfloor
pikatruuu,PIXY,$PIXY 300 k float after 100:1 reverse split up 184% so far.,2022-09-01 14:58:40,6,1.0,hellstradingfloor
pikatruuu,PETZ,"$PETZ is holding $5. #2 on Fintel's short squeeze list. 27% SI, 59.9% CTB, 0 shares left to borrow as of an hour ago. 58.53% of the float held by insiders.",2022-08-31 17:06:22,3,0.8,hellstradingfloor
Davidovv,BBBY,The next BBBY,2022-08-22 18:36:09,8,0.84,hellstradingfloor
Leading-Voice-3495,NEGG,Why I believe NEGG is a candidate for a run-up,2022-08-17 03:50:56,7,0.9,hellstradingfloor
Leading-Voice-3495,NEGG,NEGG showing a 50+%short interest with a float of 16 million.... $4 a share leaves plenty of room to grow.,2022-08-15 22:11:13,8,1.0,hellstradingfloor
AdministrativeBit621,AGRX,Can $AGRX Gamma Squeeze to $10.40 off the Warrants? Really?! Answer: Yes.,2022-08-13 23:09:57,26,0.97,hellstradingfloor
pikatruuu,EMBK,What do we think of $EMBK? There's a R/S vote on Monday.,2022-08-12 22:29:26,1,0.67,hellstradingfloor
AdministrativeBit621,AGRX,Still in $AGRX and $TUEM and not leaving and here’s why their valuation should be at 200M minimum current MCs around 25M :raising_hands_medium-light_skin_tone: insiders loaded both much higher and tutes keep loading. If buyout news hits either they’ll gap up 100-700% overnight off prior track record of the directors.,2022-08-12 13:52:52,11,1.0,hellstradingfloor
Mr_Bounty_Hunter,PLAY,ENDO PHARMA BANKRUPTCY PLAY,2022-08-12 05:11:54,7,0.89,hellstradingfloor
pikatruuu,PSHG,$PSHG. #3 trending watchers and #4 active on Stocktwits. Nanocap of $6m. Big gap to fill from $.66 to $1.82 (pic 2). Closed at .6495 AH. One big wall at $.73 and thin walls to $1 (pic 3). Float size is okay at 25m.,2022-08-12 03:54:11,8,0.9,hellstradingfloor
beetrootbolognese,EVGO,"$EVGO - Promising past 3Qs, high SI/DTC, EV-Infrastructure funding from IRA - Any missed red flags?",2022-08-09 23:45:22,2,1.0,hellstradingfloor
AdministrativeBit621,AGRX,"$AGRX is another stock with absolutely massive growth - makes Twirla - a Birth Control Patch 120% CTB 0 shares available - it’s nasdaq compliant and has unexecuted warrants .90, $1.25, $8 and $10.40 it can gamma squeeze. It has same manufacturer as crest whitestrips!",2022-08-09 12:20:28,11,1.0,hellstradingfloor
No_Strawberry_6027,ALZN,Any thoughts on $ALZN?,2022-08-08 15:14:34,0,0.5,hellstradingfloor
fraygul,BLUE,Bluebird Bio $BLUE,2022-08-06 18:17:36,7,0.89,hellstradingfloor
Codeagent015,VRAX,VRAX -- Another 50K short exempts today equal to $550K just drained out of the market,2022-08-04 22:50:10,8,1.0,hellstradingfloor
Zealousideal_Car6597,GOEV,GOEV deal with BMW???,2022-08-04 21:41:34,4,1.0,hellstradingfloor
Codeagent015,VRAX,VRAX STARTING IT'S RUN -- SHORTS HAVE YET TO COVER,2022-08-04 18:41:57,3,0.72,hellstradingfloor
Codeagent015,VRAX,VRAX THE ULTIMATE MONKEY POX SHORT SQUEEZE -- THE NEXT TBLT -- 70% OF FLOAT SHORT EXEMPT,2022-08-04 15:29:45,2,1.0,hellstradingfloor
No_Strawberry_6027,TBLT,Anyone is TBLT or BBBY? What’s your opinion?,2022-08-04 13:39:47,3,1.0,hellstradingfloor
robbyonmars,XELA,Did You Know - XELA Q1 2022 Highlights,2022-08-03 09:05:29,17,0.96,hellstradingfloor
motogte,SWVL,"SWVL Reversal? Record high short exempts, ftds. 12m float. 18m locked up by insiders til next year.",2022-07-28 14:57:59,3,0.81,hellstradingfloor
JusSpinz,XELA,XELA IS REVERSING! Maybe you should too!,2022-07-26 04:58:39,10,0.86,hellstradingfloor
JusSpinz,BBIG,BBIG Stock Alert: Vinco's co-CEO Threatens Nasdaq Noncompliance | SO THIS WAS PUBLISHED 12 HOURS AGO! WHAT AM I MISSING?,2022-07-26 04:13:55,7,0.89,hellstradingfloor
AdministrativeBit621,AGRX,$AGRX absolutely massive growth - makes Twirla - a Birth Control Patch - retail short groups are shorting it down trying to put them out of business. 120% CTB 0 shares available and they’re still shorting - the next $TBLT squeeze,2022-07-23 01:18:26,7,0.88,hellstradingfloor
JusSpinz,XELA, $XELA  For anyone willing to watch some interesting facts on the practice of short selling including some market history surrounding it.,2022-07-22 04:18:32,23,1.0,hellstradingfloor
,XELA,"Hey XELA holders, did you see this? Interesting choice of charity...",2022-07-21 17:01:53,41,0.97,hellstradingfloor
JusSpinz,XELA,[CATALYST] Social Media Impressions of $XELA as GameStop in 2021 demonstrated we are in a new era of investing. Retail plays develop over night and it’s based off social media. Remember you cannot buy a stock you have never heard of. You must be aware of the ticker to buy any stock.,2022-07-21 06:25:50,8,1.0,hellstradingfloor
JusSpinz,XELA, $XELA  LET’S TALK! In the link provided below there is instructions for a few popular brokerages on how to ROUTE YOUR ORDERS TO A LIT EXCHANGE!,2022-07-21 04:52:25,41,0.94,hellstradingfloor
JusSpinz,XELA,"$XELA  IMO, We shoot for 2 billion shares traded, hell maybe 3 billion! Make history and we’ll get someones attention! That’s how we expose bad institutional actors to the world!",2022-07-20 02:58:01,85,0.98,hellstradingfloor
andressj17,BBIG,Revote BBIG proxy,2022-07-20 00:33:59,12,0.93,hellstradingfloor
AdministrativeBit621,AGRX,"$AGRX - 120% CTB, 0 shares to short - Completed a 40-1 R/S Nasdaq Compliant and makes Birth Control Patches. Double cash on hand than Market Cap, Warrants .90, $1.25, $8 and $10.40",2022-07-19 14:18:40,11,0.92,hellstradingfloor
JusSpinz,XELA,"$XELA  So in the late 90’s early 00’s Par Chadha headed OSICOM. Read this article, and then read the article I’m going to post in the comments. Sound familiar?",2022-07-18 07:45:44,20,0.89,hellstradingfloor
True_Demon,BBIG,The Great $BBIG Hidden Gamma Ramp - $BBIG Gamma Squeeze DD & Analysis,2022-07-15 04:25:11,24,1.0,hellstradingfloor
,BBIG,TD said BBIG @ 1$...,2022-07-13 14:31:17,18,0.96,hellstradingfloor
True_Demon,GMVD,GMVD STOCK -- F-3 REGISTRATION EXPLAINED,2022-07-11 23:53:36,7,1.0,hellstradingfloor
True_Demon,BBIG,The $BBIG and Susquehanna Market Making Conflict of Interest,2022-07-07 21:52:13,157,0.99,hellstradingfloor
TheNiz16,BBIG,BBIG - Susquehanna DD,2022-07-07 03:00:58,82,1.0,hellstradingfloor
AdministrativeBit621,VERY,$ENDP this just got VERY interesting. Biden stated Birth Control is a CRITICAL MEDICATION look who has an agreement since 2021 with the US Government for CRITICAL MEDICATION:,2022-07-03 13:06:48,14,1.0,hellstradingfloor
AdministrativeBit621,GOOD,Today $ENDP had GOOD news but Citadel only put out BAD news - Jury Hands Endo Win In Opana Pay-For-Delay Case,2022-07-01 17:02:54,5,0.86,hellstradingfloor
True_Demon,XELA,$XELA DD Thread by True Demon,2022-06-29 19:52:02,33,0.98,hellstradingfloor
DAMALEN96,VRM,$VRM- Potential DD,2022-05-21 22:20:38,6,1.0,hellstradingfloor
Defiant_Ratio_6921,HTZ,Gamco Investors took a 2 million stake in $AFI they had a 2 million stake in $HTZ at .50 before it went to $34,2022-05-20 17:33:19,3,1.0,hellstradingfloor
Defiant_Ratio_6921,BIOR,Went through filings on $AFI this one fund closed out but this clown had 5 funds trading between them this is like $PROG aka $BIOR lol I hope they keep this listed on NYSE I think it moons.,2022-05-20 01:22:00,3,1.0,hellstradingfloor
Defiant_Ratio_6921,HTZ,$AFI way too much cash per share with insane revenues for it to have this low of a market cap right now at a buyout would price each share x30 off the enterprise value of 133M - 600M in revenue each year current MC 6M could go like $HTZ - https://finance.yahoo.com/quote/AFI/key-statistics?p=AFI,2022-05-17 20:38:58,5,1.0,hellstradingfloor
Electrical-Eggplant6,MULN,MULN on pace for another big run up check the patterns,2022-05-17 01:07:03,14,1.0,hellstradingfloor
Mr_Bounty_Hunter,ATER,$ATER / ATER DD: AnonFtheHFs - 5-13-22: Going into May's Monthly Opex - What to know for Next Week!!,2022-05-14 03:44:02,10,0.92,hellstradingfloor
Defiant_Ratio_6921,DBGI,$DBGI this may be the $EXPR of 2022 same size float and the big hedgefund in it took $CSPR private at double the price as well. Warrants at .33:,2022-05-11 18:24:38,6,1.0,hellstradingfloor
Defiant_Ratio_6921,DBGI,$DBGI - 132% CTB no shares available to short crazy it’s here they paid over 50M for the brands on their roster and MC too low:,2022-05-11 14:25:50,3,0.81,hellstradingfloor
Defiant_Ratio_6921,DBGI,What do people make of $DBGI - has no shares to short and a CTB of 82% currently trading well under revenue - has a ton of cool clothing brands under its umbrella.,2022-05-10 14:18:28,6,1.0,hellstradingfloor
Saintfall474,BBIG,$BBIG tomorrow predictions and technical?,2022-05-08 15:24:02,3,0.81,hellstradingfloor
Defiant_Ratio_6921,TANH,Hey guys new here - what does everyone make of $TANH ? reverse split complete along with an offering - tiny float nearly no shares available to short major gaps on chart.,2022-05-06 22:54:28,9,1.0,hellstradingfloor
bpra93,DKNG,Jim CHANOS Selling off his penthouse…what went wrong oh let me tell you $DKNG- todays merger GNOG 5.78/15.80 gives 0.365 merger ratio,2022-05-05 21:16:43,9,1.0,hellstradingfloor
bpra93,BBBY,"My Interview with the stoic Patrick Byrne, former CEO of Overstock.com- This is what Ryan Cohen is doing with $GME and soon with $BBBY once BuyBuyBaby gets sold *New Interview Video*",2022-05-04 14:57:39,8,1.0,hellstradingfloor
Top_Service_6152,BRQS,Questions on $BRQS,2022-05-02 21:08:24,10,1.0,hellstradingfloor
CarZealousideal4872,BRQS,What’s going on with BRQS? When is earnings ? ………,2022-04-29 01:12:08,20,1.0,hellstradingfloor
True_Demon,ATER,The Updated April to May 2022 ATER Squeeze DD: Hell Hath No Fury Like Retail Scorned....Hide yo Shorts Market Maker/Short Hedge Funds because Retail is coming back,2022-04-28 17:09:33,36,0.98,hellstradingfloor
JoeFinance44,TA,A discussion with Charting Man Dan on TA and trading.,2022-04-02 07:34:08,2,0.62,canadiandaytrading
alliwant1,ON,WHO ARE THE BEST CANADIAN DAY TRADERS TO FOLLOW ON SOCIAL MEDIA?,2022-02-19 00:03:14,0,0.33,canadiandaytrading
The_Fearless_Girl,POAI,$POAI READY TO MARKET AI TECHNOLOGY,2022-02-11 15:16:24,1,0.6,canadiandaytrading
andystacks,CRDL,"$CRDL - CARDIOL THERAPEUTICS [Due Diligence, Research & Analysis]",2021-08-12 15:33:47,6,0.88,canadiandaytrading
Vigil123,LI,"""Falling knife"" plays - LI.V and ORT.TO",2017-01-17 03:54:38,6,1.0,canadiandaytrading
mooncryptowow,VC,FGD.VC - International Financial Services Company,2017-01-04 15:05:29,6,1.0,canadiandaytrading
Vigil123,OGI,OGI - Organigram recall,2016-12-31 03:45:03,14,1.0,canadiandaytrading
Vigil123,VR,YD - Ydreams Global Interactive Tech (marketing + VR),2016-12-31 02:07:08,13,0.94,canadiandaytrading
Vigil123,GEN,GEN - GeneNews Limited,2016-12-31 01:08:37,11,1.0,canadiandaytrading
StockConsultant,NFLX,$NFLX Netflix stock,2022-08-04 13:30:22,1,1.0,stocktraders
StockConsultant,META,$META stock,2022-08-02 13:29:07,2,1.0,stocktraders
StockConsultant,PRPL,$PRPL Purple Innovation stock,2022-07-28 17:31:15,1,1.0,stocktraders
StockConsultant,MRTX,$MRTX Mirati Therapeutics stock,2022-07-20 13:28:29,1,1.0,stocktraders
StockConsultant,INTC,$INTC Intel stock,2022-07-15 13:26:38,1,1.0,stocktraders
StockConsultant,AMD,$AMD Advanced Micro Devices stock,2022-07-13 13:23:59,1,1.0,stocktraders
StockConsultant,NVDA,$NVDA NVIDIA stock,2022-06-30 13:25:17,1,1.0,stocktraders
StockConsultant,EOSE,$EOSE Eos Energy Enterprises stock,2022-06-27 13:28:33,1,1.0,stocktraders
StockConsultant,VMEO,$VMEO Vimeo stock,2022-06-09 13:30:20,1,1.0,stocktraders
StockConsultant,CFLT,$CFLT Confluent stock,2022-06-02 14:25:49,1,1.0,stocktraders
StockConsultant,BLFS,$BLFS BioLife Solutions stock,2022-05-27 13:32:57,1,1.0,stocktraders
StockConsultant,GTLB,$GTLB GitLab stock,2022-05-25 15:21:13,1,1.0,stocktraders
StockConsultant,CVRX,$CVRX stock,2022-05-16 13:03:53,1,1.0,stocktraders
StockConsultant,APPS,$APPS Digital Turbine stock,2022-05-04 13:32:21,2,1.0,stocktraders
goldenson,ORGN,Why Origin Materials Stock (ORGN) Will Explode 10X In The Near Future,2021-11-15 15:56:13,0,0.5,stocktraders
Sleep_Easy_Trades,AAPL,Checkout AAPL this morning,2021-09-23 13:09:08,1,1.0,stocktraders
Sleep_Easy_Trades,MRNA,Checkout MRNA this morning,2021-07-29 13:07:34,1,1.0,stocktraders
Hokiemade,HOOD,Robinhood Holds An IPO Roadshow Ahead Of Nasdaq Trading On July 29 #HOOD,2021-07-25 22:07:42,1,1.0,stocktraders
Sleep_Easy_Trades,AAL,Good morning for AAL,2021-07-21 13:07:41,0,0.5,stocktraders
Sleep_Easy_Trades,TSLA,TSLA swing trade was great today,2021-07-13 13:28:00,1,1.0,stocktraders
Proper_Ad6282,SOFI,$SOFI,2021-07-07 05:08:56,8,1.0,stocktraders
Sleep_Easy_Trades,NVDA,Checkout NVDA,2021-07-06 13:02:55,2,0.67,stocktraders
The-Crazed-Crusader,HOOD,Let's face it. Robinhood ($HOOD) is a winner.,2021-07-03 03:25:45,0,0.5,stocktraders
Sleep_Easy_Trades,MRNA,Checkout MRNA,2021-06-30 12:51:04,2,1.0,stocktraders
Sleep_Easy_Trades,TSLA,TSLA best stock this morning,2021-06-25 13:01:53,1,1.0,stocktraders
BullishJourney,CLOV,#CLOV Clover Health Stock is on FIRE up 95%. Easy profit!,2021-06-08 20:19:39,0,0.4,stocktraders
Sleep_Easy_Trades,MSFT,MSFT doing well this morning,2021-06-08 12:47:34,1,1.0,stocktraders
NJHCreal,NSPR,"Next one on the list, NSPR, new Director 700k shares! Dr Gary S. Roubin, MD, PhD is an internationally renowned interventional cardiologist, recognised for his groundbreaking work in the development of the first FDA-approved coronary stent, as well as in pioneering the techniques of carotid.",2021-02-11 07:31:47,8,0.9,stocktraders
Sleep_Easy_Trades,AAPL,"Covered $5,750 (+2.85%) overnight on AAPL",2020-12-22 21:42:11,3,1.0,stocktraders
nimo01,SWIM,"Dude came into SWIM's work, asking for a very very large loan to consolidate 6 credit cards (two with no limits) that he's been making minimum payments on for 6 months...",2017-08-03 01:32:33,8,0.91,financialporn
theflierguy,NDAQ,2023-04-13 | NDAQ:LAZR | Press Release | Luminar Technologies Inc.,2023-04-13 16:31:01,14,1.0,lazr
Lanky_Run_729,LAZR,I feel like I may have purchased one of those Japanese toilets in this house with my LAZR position,2023-04-07 16:01:55,4,0.75,lazr
JayhawkInMaine,CFO,Luminar CFO defends lidar maker's pricing and revenue in the wake of a Goldman downgrade,2023-03-24 16:34:33,12,0.8,lazr
Clammy-Diamond-Hands,LAZR,What a Crazy Ride LAZR has been this year!! I called it Folks! Below $7 after THE Fed Hike! And the bleed will continue Imo..I didn't buy this dip tho given the Bank Runs & Pending Lawsuits. I'll start sub $5 as this bleed will continue Imo.,2023-03-23 02:04:56,10,0.92,lazr
No-Clothes-6778,LAZR,LETS PUMP UP #LAZR! LETS GO!,2023-03-22 12:45:08,0,0.39,lazr
Fondant-Brilliant,LAZR,LAZR not impacted by SIVB default,2023-03-12 09:59:04,10,1.0,lazr
EVbilt,LAZR,$LAZR what if we squeeze?,2023-02-23 22:25:04,10,0.81,lazr
theflierguy,CFO,"868: Armed and Sheltered From the Storm | Tom Fennimore, CFO, Luminar Technologies",2023-02-23 03:56:55,5,0.78,lazr
longgamewins,SP,"DCA Strategy: I am currently at a CB of $7.5. My plan is to DCA only if the SP reaches $3.75 or below and try to bring my CB down to less than $6.5. If SP doesn't reach below $3.75, I won't DCA. What's your plan?",2023-01-10 16:15:05,4,0.84,lazr
Own-You33,MVIS,Thank you to the MVIS redditors on the forum,2023-01-08 07:30:13,39,0.9,lazr
Euphoric-Ad3655,INVZ,Stock Standings: Took a snapshot just now on the LIDAR companies I track. Was sad to see INVZ catching up to us and surpassing.,2023-01-06 15:48:38,8,1.0,lazr
theflierguy,LAZR,Luminar Technologies Inc | LAZR,2022-12-01 02:23:57,3,0.67,lazr
Smooth_Literature_91,LAZR,Good Article About LiDAR - no mention of LAZR,2022-10-25 12:14:36,7,1.0,lazr
aikensoccer,LAZR,What are your $LAZR trading strategies?,2022-09-21 15:55:43,9,0.91,lazr
Weekly-Classroom1936,NDAQ,2022-08-08 | NDAQ:LAZR | Press Release | Luminar Technologies Inc.,2022-08-08 20:24:01,1,0.6,lazr
vytasmike,ON,UPDATE ON ARB (UK crypto stock),2021-09-24 16:32:58,3,1.0,ukpennystocks
vytasmike,PT,ETH BTC & UKcryptostocks || Are you holding ARB? What is your entry price? Share your SL and PT levels:),2021-09-01 18:30:13,4,1.0,ukpennystocks
vytasmike,KOD,Does anyone still holds Kodal Minerals PLC? LSE:KOD,2021-06-28 07:51:52,12,1.0,ukpennystocks
Cashmere_Cowboy,PHAR,Pharos Energy (PHAR.L) announces update of fiscal terms ! ,2021-03-30 08:06:20,9,0.86,ukpennystocks
Cashmere_Cowboy,STX,Shield Therapeutics (STX.L) raising £25mln,2021-02-26 15:08:36,10,1.0,ukpennystocks
TikiB,TA,Weekend TA Analysis,2020-07-26 01:48:05,106,1.0,tbmarketanalysis
TikiB,TA,"July 24, 2020 - Market Analysis Postponed for more TA - posting tomorrow morning",2020-07-24 18:09:28,76,0.99,tbmarketanalysis
Fkfkdoe73,MIND,Mark Douglas - MIND OVER MARKET (traders interview about trading psychology),2019-11-22 14:24:51,2,1.0,tradingpsychology
seb21051,CRSP,Going Long on CRSP.,2017-06-04 21:26:14,3,0.81,pennystocktrading
Asiansupermarket,NVX,NVX - The winner so far (bought at .11 and still holding),2014-09-02 23:43:17,2,0.75,pennystocktrading
Asiansupermarket,NVX,5/6 NVX and David Einhort,2014-05-06 15:43:45,2,1.0,pennystocktrading
Asiansupermarket,NVX,NVX - NV Gold Corporation,2014-03-17 22:05:04,1,1.0,pennystocktrading
gohackthat,III,Investing Philosophy Part III (Can You Actually Beat the Market?) - 9/5/2021,2021-09-06 01:24:53,5,1.0,midasinvestors
midasinvestors,III,"Options Trading Part I, II, and III - 7/18/2021",2021-07-18 19:45:21,6,0.88,midasinvestors
gohackthat,TIGR,"Market Commentary (the former Tiger Club member margin called, Volatility in the Markets, TIGR earnings) - 3/29/2021",2021-03-29 19:32:18,10,0.92,midasinvestors
gohackthat,TIGR,"UP Fintech Holding (NASDAQ:TIGR) the ""next Robinhood"" Part II - 2/21/2021",2021-02-22 00:13:17,9,0.92,midasinvestors
gohackthat,TIGR,"UP Fintech Holding (NASDAQ:TIGR) the ""next Robinhood"" Part I - 2/7/2021",2021-02-07 22:28:05,21,0.97,midasinvestors
gohackthat,III,Investing Philosophy Part III (Can You Actually Beat the Market?) - 1/3/2020,2021-01-03 07:02:19,14,1.0,midasinvestors
gohackthat,III,Options Trading Part III (Fighting the Theta Decay) - 12/13/2020,2020-12-14 03:53:30,8,0.91,midasinvestors
gohackthat,OZON,"Ozon Holdings (NASDAQ:OZON) the ""Amazon of Russia"" - 12/6/2020",2020-12-07 00:23:33,10,1.0,midasinvestors
gohackthat,TSLA,"Market Commentary (Treasury cuts Fed funding, TSLA and EV/ecommerce stocks) - 11/23/2020",2020-11-23 23:20:58,2,1.0,midasinvestors
gohackthat,PDD,Pinduoduo (PDD) - 11/13/2020,2020-11-13 20:05:08,6,1.0,midasinvestors
needsmallcase,CAN,CAN ANYONE PLS SHARE THIS PREMIUM SMALLCASE? GREEN ENERGY BY NIVESHAAY,2022-08-18 11:45:49,1,0.6,smallcases
theyallgoup,OLLI,Thoughts on OLLI?,2017-06-12 16:19:37,4,1.0,longterminvesting
Reichell30,OP,Optimism Airdrop: OP tokens are being given away.,2023-03-24 19:02:48,1,1.0,finbros
,APPS,"Historical Post Earnings Moves MEGA Compilation AND Analysis (Week 7) - $APPS, $ZM, $CGC, $LULU, $CLDR, $CRWD, $DOCU, $AI and More",2021-05-31 18:20:09,21,0.93,hungryinvesting
,NVDA,"Historical Post Earnings Moves MEGA Compilation (Week 6) - $NVDA, $SNOW, $CRM, $COST, $BBY, $ZS, $DKS, $TD, $BMO and More",2021-05-23 23:08:56,10,0.92,hungryinvesting
,CSCO,"Historical Post Earnings Moves MEGA Compilation (Week 5) - $HD, $WMT, $TGT, $LOW, $CSCO, $GOEV, $XL, $SE and More",2021-05-16 23:55:28,5,0.86,hungryinvesting
,SNDL,"Historical Post Earnings Moves MEGA Compilation (Week 4) - $PLTR, $BABA, $XPEV, $DIS, $SPCE, $FUBO, $QS, $SNDL, and More",2021-05-10 20:49:15,3,0.72,hungryinvesting
InvestwithPluto,LIVE,Pluto Update - Sept. 29 / 2022 (LIVE TRADING WAITLIST),2022-09-29 08:25:06,3,1.0,plutocapital
682177,FYBR,Frontier Communications FTRCQ turns into FYBR advice,2021-05-01 19:20:06,2,0.75,activetraderoom
HOTPENNYSTOCKS,ME,Set sell LIMITS as High as u can today's the Day were going to quadruple BUY $OPXAW U WILL INBOX ME TO THANK ME$$$$,2017-09-07 16:05:43,1,1.0,activetraderoom
HOTPENNYSTOCKS,GROW,BUY OPXA/OPXAW and WATCH YOUR PORTFOLIO GROW$$$$ You will inbox me to see I was Right on the money 100% BUY BUY BUY $OPXAW ONLY. 08 cents HEADED to $1.00,2017-09-05 16:23:28,1,0.66,activetraderoom
smallcapreporter,AKAM,"New Study Suggests Most Companies Are Unprepared for Data Breaches: $AKAM, $IDDR, $CIBR, $HACK, $CHKP, $MSFT",2016-10-07 14:05:57,1,1.0,activetraderoom
smallcapreporter,AUPH,$BAS $AUPH $IDDR $RXMD New Info on cybersecurity $YHOO $HON $PANW $HACK $CIBR,2016-09-30 12:55:04,1,1.0,activetraderoom
ItipsDaily,BLRX,"BLRX, ACUR, LCLP, IDDR, CARA this morning's movers",2016-09-23 13:53:49,3,1.0,activetraderoom
smallcapreporter,OPEN,Active Trade Room Is OPEN!,2016-09-12 13:01:23,2,1.0,activetraderoom
criticalnugz,FORM,Sigma Labs FORM S-1 REGISTRATION STATEMENT,2016-07-29 11:05:36,10,0.92,sglb
radleybobins,ON,PROXY VOTE NO ON PROPOSAL 2 BEFORE 4/27 TO AVOID STOCK DILUTION,2016-04-24 15:25:18,4,1.0,sglb
ismatic,MTLS,Materialise Additive Manufactured Parts Ready to Fly Following Certification for Aeronautic and Aerospace Sector Nasdaq:MTLS,2015-04-15 05:48:27,8,0.91,sglb
ismatic,III,"March 4-5 – Additive World Conference III (High Tech Campus Eindhoven, The Netherlands)",2015-02-27 15:23:45,8,0.91,sglb
Lopsided_Exit_1212,OP,Optimism Airdrop: The OP token is being distributed.,2023-03-24 20:00:02,1,1.0,stocksmarket
StocksonHighAlertz,LSDI,NASDAQ $LSDI Licensed Manufacturer & Supplier of Psychedelics,2023-03-23 17:07:12,1,1.0,stocksmarket
UpstartGunman87,PIXY,$PIXY - ShiftPixy Announces Integration of OpenAI Technologies into Quelliv's Ask Dr. A Chatbot,2023-03-02 15:09:09,397,0.98,stocksmarket
StocksonHighAlertz,BYND,BYND Cannasoft Enterprises $BCAN CEO Discusses Marijuana Reform and Corporate Advancements in Audio Interview with SmallCapVoice.com,2022-10-25 14:08:48,1,1.0,stocksmarket
StocksonHighAlertz,RGC,"Regencell $RGC CEO Shares His Vision, Insights And Aims To Change The Way Patients Are Treated",2022-10-03 15:07:21,1,1.0,stocksmarket
StocksonHighAlertz,RGC,"81% of Regencell Bioscience Holdings Limited (NASDAQ: $RGC) is owned by insiders, and they've been buying recently",2022-09-28 14:28:14,1,1.0,stocksmarket
StocksonHighAlertz,GROM,NASDAQ: $GROM Grom Social’s Top Draw Animation Secures $615K in New Assignments @SourceTraders,2022-09-28 13:54:31,1,1.0,stocksmarket
StocksonHighAlertz,TARA,"3 Under $5 Stocks on Trader’s Radar: MOGU Inc. $MOGU, BlueFire Equipment Corporation $BLFR @OTC_BLFR , Protara Therapeutics Inc. $TARA",2022-09-21 17:16:35,1,1.0,stocksmarket
StocksonHighAlertz,RGC,Regencell Bioscience’s $RGC Standardized Formulae Are Shown to Reduce ADHD and ASD Symptoms in the Interim Results of its Second Efficacy Trial,2022-09-12 14:34:29,1,1.0,stocksmarket
StocksonHighAlertz,RGC,Regencell Bioscience $RGC @RegencellBio Announces Additional EARTH Efficacy Trial Results Corroborating Effectiveness,2022-05-19 16:32:08,1,1.0,stocksmarket
TrustPeter,ACST,ACST SMALL PENNY STOCK HUGE PROFIT,2021-06-24 16:10:13,1,1.0,stocksmarket
Lost-Guarantee229,GREE,GREE could use momentum to spike back to $60/share,2021-10-31 19:40:51,1,0.6,momentumtrading
Lost-Guarantee229,ALPP,ALPP Uplisting,2021-10-15 15:47:47,1,1.0,momentumtrading
DisciplinedMTrd,TSLA,Should you short Tesla? | $TSLA Chart Breakdown,2021-05-16 13:24:17,1,1.0,momentumtrading
Winter_Practice,RIDE,"Answering questions for where where are and where we are going. $ERX, $LABU, $SOS,$RIDE, commentary",2021-05-13 00:53:16,1,1.0,momentumtrading
DisciplinedMTrd,CAN,A Near Perfect CAN SLIM Stock in a Buy Zone | $HZO Chart Breakdown 5-8-2021,2021-05-09 16:10:59,1,1.0,momentumtrading
Winter_Practice,BOOM,"Chase At EVERBULLISH- The SUNDAY RECAP- SECTOR, BITCOIN- $LABU, $EOG, $SOS, $ERX- BOOM- specific and exacting swing trades. 6 weeks in a row of 10 PERCENT, HAPPY TRADING",2021-05-02 21:54:00,1,1.0,momentumtrading
DisciplinedMTrd,LIVE,"LIVE CHAT TONIGHT 8pm Eastern...HOW TO FIND THE NEXT ZOOM, APPLE, TSLA OR AMAZON! We will be talking about what to look for in stocks that change the way we work,live and play and how those companies become TMLs(true market leaders)",2021-03-25 18:59:12,1,1.0,momentumtrading
DisciplinedMTrd,LIVE,"LIVE CHAT TONIGHT 8pm EDTThe ""M"" in CAN SLIM: Start Learning to Interpet the Direction of the Stock Market- Trader Talk #44",2021-03-17 21:17:48,1,1.0,momentumtrading
DisciplinedMTrd,LINK,"Live ChatAt 8:30pm EST tonight (March 3rd)we are doing a live chat/premiering our new trader talk ...What is NOT in ""How to Make Money in Stocks"" - Helpful Tips for Beginners. Join us and hit us with any questions you have! LINK BELOW!",2021-03-03 13:37:21,2,1.0,momentumtrading
105bee,AMD,AMD trade,2020-06-04 03:46:56,1,1.0,momentumtrading
tickerwizards,TSLA,$TSLA - Unbiased Technical Overview,2023-01-15 17:07:34,2,1.0,tickerwizards
tickerwizards,QQQ,RE: $SPY $QQQ TA - Why We Are Likely Near A Major Market Bottom,2021-11-07 18:56:25,9,1.0,tickerwizards
tickerwizards,QQQ,$SPY $QQQ TA - Why We Are Likely Near A Major Market Bottom,2021-10-04 23:49:33,18,1.0,tickerwizards
tickerwizards,PRPL,Free Play Week of 6/13/2021 - $PRPL (Swing Trade) (Daily Chart),2021-06-13 22:12:00,10,1.0,tickerwizards
AL_GAINS,BBIG,"Making Easy Money: Wednesday Expectations - BBIG, RETO, VINE, AMC, (SOFI Major By Alert)",2022-01-19 01:48:34,2,1.0,stockmarkettrading
AL_GAINS,PLAY,HOW TO PLAY $RIVN IPO,2021-11-08 01:07:41,1,1.0,stockmarkettrading
AL_GAINS,FATBB,"FRIDAY RUNDOWN: FATBB, OPAD, CARA, OCGN, AMC, PETV, ARTL",2021-11-06 20:46:17,2,1.0,stockmarkettrading
AL_GAINS,ATER,"Wednesday RUNDOWN:$ATER, $NURO, $TMC, $IRNT $CARA, $AMC Stock (MAJOR BUY ALERT) 1k to 100k 2ND PICK $CEI",2021-09-23 03:36:07,2,0.75,stockmarkettrading
AL_GAINS,ATER,Whats Next For $AMC/Short Squeeze Hopes Are Dying - $ATER Update,2021-09-22 19:15:27,2,0.76,stockmarkettrading
AL_GAINS,AEMD,WALLSTREETBETS RUNDOWN: MAJOR BUY ALERT UPDATE/ 1k To 100K Challenge update($AEMD $ATER $NAOV $OCGN $CEI $KPLT $CARA),2021-09-22 04:45:30,1,0.66,stockmarkettrading
Kenny_Soulstring,SNGX,$SNGX ready to rock on Covid vaccine news,2020-07-28 13:28:21,2,1.0,stockmarkettrading
Kenny_Soulstring,SNGX,$SNGX Soligenix busted the $3. No resistance on upside,2020-02-20 22:35:11,1,1.0,stockmarkettrading
pramodagrawal,IAS,Introduction to Stock Sutra - Best Stock Trading Class by Ex-IAS/ Allied...,2020-01-13 18:45:23,1,1.0,stockmarkettrading
Cryptotrader029,EA,EA Stock Analysis: Intraday Timeframe Chart Pattern,2019-06-09 20:54:04,1,1.0,stockmarkettrading
wheresdangerdave,AAPL,Buying AAPL Calls,2018-06-27 14:34:40,2,1.0,optionsplays
wheresdangerdave,MRNS,Selling MRNS Puts,2018-06-20 18:57:42,1,1.0,optionsplays
wheresdangerdave,AFMD,Selling IV on AFMD,2018-06-20 17:06:11,2,1.0,optionsplays
wheresdangerdave,PRTK,Selling the IV on PRTK,2018-06-13 22:11:41,3,0.81,optionsplays
wheresdangerdave,TRVN,A small play on selling IV - TRVN,2018-06-13 21:52:38,3,1.0,optionsplays
CoolRunner,AAPL,"AAPL earnings soon. What play do you support, calls, puts, or a spread? x-post from /r/earningsplays",2015-04-09 06:44:59,0,0.5,optionsplays
Mother_Loquat9848,TRIP,Like me some TRIP in in the days to come,2021-06-22 20:50:14,1,1.0,memesofwallstreet
Grimm676,GO,When mainstream media doesn’t know that.....STONKS GO UP!,2020-08-12 10:22:25,8,1.0,memesofwallstreet
Grimm676,ME,JPOW - SHOW ME SOME LOVE BULLS,2020-07-02 17:57:10,3,0.81,memesofwallstreet
Grimm676,SLAM,Tesla passing it off to JPOW for the SLAM DUNK on the NSDQ100!!!,2020-06-10 21:15:04,7,1.0,memesofwallstreet
Grimm676,CHK,CHK buyers now,2020-06-09 20:08:16,3,1.0,memesofwallstreet
Grimm676,CHK,CHK at market open today,2020-06-09 13:52:12,10,0.92,memesofwallstreet
finansakrobat,FTC,FTC Says AT&T Has Misled Millions of Consumers with ‘Unlimited’ Data Promises,2014-10-29 08:57:52,1,0.67,whatdimiss
9to5investing,WISH,WISH Stock- Is a Comeback IMMINENT?,2021-08-16 20:01:32,45,1.0,9to5investing
9to5investing,MVST,MVST Stock has HUGE Potential but 1 MASSIVE RISK,2021-08-10 19:45:06,163,0.97,9to5investing
9to5investing,MELI,MELI Stock- Is MercadoLibre Stock a Better Buy than Amazon Stock?,2021-08-04 17:22:01,2,1.0,9to5investing
9to5investing,AMD,AMD Stock SURGED THROUGH $100 because of THIS,2021-07-30 01:37:04,1,1.0,9to5investing
9to5investing,HUGE,Lucid Motors Stock has HUGE Potential but 2 SERIOUS Risks,2021-07-26 23:20:35,1,1.0,9to5investing
9to5investing,CLOV,CLOV Stock 2nd Short Squeeze Coming in August 2021?,2021-07-22 23:15:32,1,1.0,9to5investing
9to5investing,NVDA,Is NVDA Stock an URGENT BUY After the 4:1 Stock Split?,2021-07-20 20:39:20,2,1.0,9to5investing
9to5investing,WISH,WISH Stock PLUMMETS 72%- Is THIS PRICE the BOTTOM?,2021-07-18 14:48:52,1,1.0,9to5investing
9to5investing,PTRA,PTRA Stock has COLLAPSED OVER 56% because of THIS,2021-07-13 23:35:08,5,0.86,9to5investing
Jazzlike_Hall_5054,AMZN,AMZN Stock- Is THIS Why Amazon Stock is Breaking Out?,2021-07-06 23:03:24,1,1.0,9to5investing
Jazzlike_Hall_5054,WISH,WISH Stock is Trending on R/WSB yet DOWN 69%! Why?,2021-07-06 00:46:18,2,1.0,9to5investing
9to5investing,TTD,TTD Stock- Is the Trade Desk a Buy After the 38%+ Drop?,2021-06-13 14:52:40,1,1.0,9to5investing
9to5investing,MVIS,Microvision Stock- Are MVIS Short Sellers Playing with Fire? (MVIS Stock),2021-05-11 16:03:19,3,1.0,9to5investing
kawasakionly,ON,ADVICE ON A STOCK YOU WANT TO INVEST IN,2019-07-13 07:13:49,2,1.0,stock101
dingodile93,AEZS,"AEZS, aeterna zentaris, huge potential",2021-02-04 14:39:15,4,1.0,tabstocks
Edison_Group,CNTX,($CNTX) Context Therapeutics Manufacturing agreement with Lonza for CTIM-76,2023-01-11 16:52:43,1,1.0,hotmoneybiotech
Edison_Group,OPGN,OpGen ($OPGN) - New public offering to support funding needs,2023-01-11 12:25:51,1,1.0,hotmoneybiotech
dedusitdl,TA,Healthcare --> SLHG.v // SLHGF TA from Zacks Equity Research,2022-10-06 18:33:20,1,1.0,hotmoneybiotech
Accurate_Prompt767,CFO,"Emerald Health sees CEO, CFO resign as CBD-focused company faces fraud allegations",2022-07-11 16:18:30,1,1.0,hotmoneybiotech
sciencebeer,VSTM,"Failure of discipline, tank VSTM",2015-09-29 02:58:53,1,1.0,hotmoneybiotech
sciencebeer,NSTG,NSTG nanostring RNA expression diagnostics,2015-03-26 02:52:34,0,0.0,hotmoneybiotech
sciencebeer,OSUR,OSUR orasure viral diagnostics,2015-03-26 02:33:17,0,0.0,hotmoneybiotech
sciencebeer,RGLS,RGLS regulus antisense therapy and diagnostics,2015-03-26 02:32:12,0,0.0,hotmoneybiotech
sciencebeer,VSTM,VSTM verastem cancer,2015-03-26 02:27:07,0,0.0,hotmoneybiotech
sciencebeer,INFI,INFI infinity cancer,2015-03-26 02:25:31,0,0.0,hotmoneybiotech
